DROP TABLE JG_APP_PRINCIPAL;
CREATE TABLE JG_APP_PRINCIPAL ( ID BIGINT NOT NULL, NAME VARCHAR(255) NOT NULL, PRIMARY KEY (ID), UNIQUE (NAME) );
insert into JG_APP_PRINCIPAL (ID, NAME) values (1, 'admin');
insert into JG_APP_PRINCIPAL (ID, NAME) values (2, 'guest');
insert into JG_APP_PRINCIPAL (ID, NAME) values (3, 'systemadmin');
insert into JG_APP_PRINCIPAL (ID, NAME) values (4, '高级管理员用户（人行）');
insert into JG_APP_PRINCIPAL (ID, NAME) values (5, '高级管理员用户（非人行）');
insert into JG_APP_PRINCIPAL (ID, NAME) values (6, '一般管理员用户（人行市中支）');
insert into JG_APP_PRINCIPAL (ID, NAME) values (7, '一般管理员用户（非人行）');
insert into JG_APP_PRINCIPAL (ID, NAME) values (8, '内控监督员用户（人行县支行）');
insert into JG_APP_PRINCIPAL (ID, NAME) values (9, '内控监督员用户（非人行）');
insert into JG_APP_PRINCIPAL (ID, NAME) values (10, '普通用户（人行市中支）');
insert into JG_APP_PRINCIPAL (ID, NAME) values (11, '普通用户（金融机构）');
insert into JG_APP_PRINCIPAL (ID, NAME) values (12, '行政执法人员');
insert into JG_APP_PRINCIPAL (ID, NAME) values (13, '普通用户（非金融机构）');
insert into JG_APP_PRINCIPAL (ID, NAME) values (14, '一般管理员用户（人行成都分行）');
insert into JG_APP_PRINCIPAL (ID, NAME) values (15, '一般管理员用户（人行县支行）');
insert into JG_APP_PRINCIPAL (ID, NAME) values (16, '内控监督员用户（人行成都分行）');
insert into JG_APP_PRINCIPAL (ID, NAME) values (17, '内控监督员用户（人行市中支）');
insert into JG_APP_PRINCIPAL (ID, NAME) values (18, '普通用户（人行县支行）');
insert into JG_APP_PRINCIPAL (ID, NAME) values (19, '普通用户（人行成都分行）');
DROP TABLE JG_DOMAIN;
CREATE TABLE JG_DOMAIN ( ID BIGINT NOT NULL, NAME VARCHAR(255) NOT NULL, PRIMARY KEY (ID), UNIQUE (NAME) );
insert into JG_DOMAIN (ID, NAME) values (1, 'public');
insert into JG_DOMAIN (ID, NAME) values (2, 'vip');
insert into JG_DOMAIN (ID, NAME) values (3, '用户管理');
insert into JG_DOMAIN (ID, NAME) values (4, '机构管理');
insert into JG_DOMAIN (ID, NAME) values (5, '行政执法管理');
insert into JG_DOMAIN (ID, NAME) values (6, '监督管理');
insert into JG_DOMAIN (ID, NAME) values (7, '征信市场管理');
insert into JG_DOMAIN (ID, NAME) values (8, '金融机构行政执法查询');
insert into JG_DOMAIN (ID, NAME) values (9, '考试系统');
DROP TABLE JG_PERMISSION;
CREATE TABLE JG_PERMISSION ( ID BIGINT NOT NULL, CLASS VARCHAR(255), NAME VARCHAR(255) NOT NULL, ACTIONS VARCHAR(255), DOMAIN_ID BIGINT, PRIMARY KEY (ID), UNIQUE (NAME) );
insert into JG_PERMISSION (ID, CLASS, NAME, ACTIONS, DOMAIN_ID) values (1, 'net.sf.jguard.core.authorization.permissions.URLPermission', 'captcha', '/Captcha.do,ANY', 1);
insert into JG_PERMISSION (ID, CLASS, NAME, ACTIONS, DOMAIN_ID) values (2, 'net.sf.jguard.core.authorization.permissions.URLPermission', 'accessDenied', '/AccessDenied.do,ANY', 1);
insert into JG_PERMISSION (ID, CLASS, NAME, ACTIONS, DOMAIN_ID) values (3, 'net.sf.jguard.core.authorization.permissions.URLPermission', 'registration', '/Registration.do,ANY', 1);
insert into JG_PERMISSION (ID, CLASS, NAME, ACTIONS, DOMAIN_ID) values (4, 'net.sf.jguard.core.authorization.permissions.URLPermission', 'welcome', '/Welcome.do,ANY', 1);
insert into JG_PERMISSION (ID, CLASS, NAME, ACTIONS, DOMAIN_ID) values (5, 'net.sf.jguard.core.authorization.permissions.URLPermission', 'TopPage', '/top.do,ANY', 1);
insert into JG_PERMISSION (ID, CLASS, NAME, ACTIONS, DOMAIN_ID) values (6, 'net.sf.jguard.core.authorization.permissions.URLPermission', 'LeftPage', '/left.do,ANY', 1);
insert into JG_PERMISSION (ID, CLASS, NAME, ACTIONS, DOMAIN_ID) values (7, 'net.sf.jguard.core.authorization.permissions.URLPermission', 'logList', '/Log.do?method=listLog4j,ANY,ANY', 1);
insert into JG_PERMISSION (ID, CLASS, NAME, ACTIONS, DOMAIN_ID) values (8, 'net.sf.jguard.core.authorization.permissions.URLPermission', '用户个人信息修改保存按钮', '/User.do?method=personalInfoManager&*,ANY', 1);
insert into JG_PERMISSION (ID, CLASS, NAME, ACTIONS, DOMAIN_ID) values (9, 'net.sf.jguard.core.authorization.permissions.URLPermission', 'orgTree', '/SystemBaseInfoManagerAction.do?method=orgTree&*,ANY', 1);
insert into JG_PERMISSION (ID, CLASS, NAME, ACTIONS, DOMAIN_ID) values (10, 'net.sf.jguard.core.authorization.permissions.URLPermission', '跳转用户个人信息查询菜单', '/User.do?method=personalInfoManagerPage&*,ANY', 1);
insert into JG_PERMISSION (ID, CLASS, NAME, ACTIONS, DOMAIN_ID) values (13, 'net.sf.jguard.core.authorization.permissions.URLPermission', '根据机构加载部门', '/SystemBaseInfoManagerAction.do?method=ajaxDeptByOrgNoForJson&*,ANY', 1);
insert into JG_PERMISSION (ID, CLASS, NAME, ACTIONS, DOMAIN_ID) values (14, 'net.sf.jguard.core.authorization.permissions.URLPermission', '人行机构树', '/SystemBaseInfoManagerAction.do?method=pcbOrgTree&*,ANY', 1);
insert into JG_PERMISSION (ID, CLASS, NAME, ACTIONS, DOMAIN_ID) values (15, 'net.sf.jguard.core.authorization.permissions.URLPermission', '根据机构和部门加载用户', '/User.do?method=ajaxPepByOrgNoandDeptNoForJson&*,ANY', 1);
insert into JG_PERMISSION (ID, CLASS, NAME, ACTIONS, DOMAIN_ID) values (16, 'net.sf.jguard.core.authorization.permissions.URLPermission', 'areaListCommonTree', '/SystemBaseInfoManagerAction.do?method=areaListCommonTree&*,ANY', 1);
insert into JG_PERMISSION (ID, CLASS, NAME, ACTIONS, DOMAIN_ID) values (17, 'net.sf.jguard.core.authorization.permissions.URLPermission', 'allAccess', '/*,ANY', 2);
insert into JG_PERMISSION (ID, CLASS, NAME, ACTIONS, DOMAIN_ID) values (18, 'net.sf.jguard.core.authorization.permissions.URLPermission', '跳转用户创建页面按钮', '/User.do?method=createUserPage&*,ANY', 3);
insert into JG_PERMISSION (ID, CLASS, NAME, ACTIONS, DOMAIN_ID) values (19, 'net.sf.jguard.core.authorization.permissions.URLPermission', '删除用户按钮', '/User.do?method=deleteUser&*,ANY', 3);
insert into JG_PERMISSION (ID, CLASS, NAME, ACTIONS, DOMAIN_ID) values (20, 'net.sf.jguard.core.authorization.permissions.URLPermission', '查看用户详细信息按钮', '/User.do?method=readUser&*,ANY', 3);
insert into JG_PERMISSION (ID, CLASS, NAME, ACTIONS, DOMAIN_ID) values (21, 'net.sf.jguard.core.authorization.permissions.URLPermission', '用户创建提交按钮', '/User.do?method=createUserStart&*,ANY', 3);
insert into JG_PERMISSION (ID, CLASS, NAME, ACTIONS, DOMAIN_ID) values (22, 'net.sf.jguard.core.authorization.permissions.URLPermission', '征信用户禁用按钮', '/User.do?method=disabledZxUser&*,ANY', 3);
insert into JG_PERMISSION (ID, CLASS, NAME, ACTIONS, DOMAIN_ID) values (23, 'net.sf.jguard.core.authorization.permissions.URLPermission', '征信用户启用按钮', '/User.do?method=enabledZxUser&*,ANY', 3);
insert into JG_PERMISSION (ID, CLASS, NAME, ACTIONS, DOMAIN_ID) values (24, 'net.sf.jguard.core.authorization.permissions.URLPermission', '监管系统用户禁用按钮', '/User.do?method=disableUser&*,ANY', 3);
insert into JG_PERMISSION (ID, CLASS, NAME, ACTIONS, DOMAIN_ID) values (25, 'net.sf.jguard.core.authorization.permissions.URLPermission', '监管系统用户启用按钮', '/User.do?method=enableUser&*,ANY', 3);
insert into JG_PERMISSION (ID, CLASS, NAME, ACTIONS, DOMAIN_ID) values (26, 'net.sf.jguard.core.authorization.permissions.URLPermission', '用户信息修改提交按钮', '/User.do?method=updateUser&*,ANY', 3);
insert into JG_PERMISSION (ID, CLASS, NAME, ACTIONS, DOMAIN_ID) values (27, 'net.sf.jguard.core.authorization.permissions.URLPermission', '监管系统用户添加征信系统用户名按钮', '/User.do?method=createUserOfZX&*,ANY', 3);
insert into JG_PERMISSION (ID, CLASS, NAME, ACTIONS, DOMAIN_ID) values (28, 'net.sf.jguard.core.authorization.permissions.URLPermission', '跳转执法人员管理页面', '/EnforceOfficerManagerAction.do?method=toEnOfficerList&*,ANY', 3);
insert into JG_PERMISSION (ID, CLASS, NAME, ACTIONS, DOMAIN_ID) values (29, 'net.sf.jguard.core.authorization.permissions.URLPermission', '跳转执法人员创建页面按钮', '/EnforceOfficerManagerAction.do?method=toCreateEnOfficerPage&*,ANY', 3);
insert into JG_PERMISSION (ID, CLASS, NAME, ACTIONS, DOMAIN_ID) values (30, 'net.sf.jguard.core.authorization.permissions.URLPermission', '查看执法人员详细信息按钮', '/EnforceOfficerManagerAction.do?method=toEnOfficerDetailPag&*,ANY', 3);
insert into JG_PERMISSION (ID, CLASS, NAME, ACTIONS, DOMAIN_ID) values (31, 'net.sf.jguard.core.authorization.permissions.URLPermission', '跳转执法人员信息修改页面按钮', '/EnforceOfficerManagerAction.do?method=toUpdateEnOfficerPage&*,ANY', 3);
insert into JG_PERMISSION (ID, CLASS, NAME, ACTIONS, DOMAIN_ID) values (32, 'net.sf.jguard.core.authorization.permissions.URLPermission', '执法人员删除按钮', '/EnforceOfficerManagerAction.do?method=delEnOffice&*,ANY', 3);
insert into JG_PERMISSION (ID, CLASS, NAME, ACTIONS, DOMAIN_ID) values (33, 'net.sf.jguard.core.authorization.permissions.URLPermission', '执法人员创建提交按钮', '/EnforceOfficerManagerAction.do?method=createEnOfficer&*,ANY', 3);
insert into JG_PERMISSION (ID, CLASS, NAME, ACTIONS, DOMAIN_ID) values (34, 'net.sf.jguard.core.authorization.permissions.URLPermission', '跳转征信系统用户批量停用页面菜单', '/User.do?method=toUserStopExcelPage&*,ANY', 3);
insert into JG_PERMISSION (ID, CLASS, NAME, ACTIONS, DOMAIN_ID) values (35, 'net.sf.jguard.core.authorization.permissions.URLPermission', '导入征信系统用户批量停用文件按钮', '/User.do?method=userStopExcel&*,ANY', 3);
insert into JG_PERMISSION (ID, CLASS, NAME, ACTIONS, DOMAIN_ID) values (36, 'net.sf.jguard.core.authorization.permissions.URLPermission', '跳转用户申请任务列表页面', '/User.do?method=applyUserList&*,ANY', 3);
insert into JG_PERMISSION (ID, CLASS, NAME, ACTIONS, DOMAIN_ID) values (37, 'net.sf.jguard.core.authorization.permissions.URLPermission', '内控监督员办理回退任务页面按钮', '/User.do?method=applyUserPage&*,ANY', 3);
insert into JG_PERMISSION (ID, CLASS, NAME, ACTIONS, DOMAIN_ID) values (38, 'net.sf.jguard.core.authorization.permissions.URLPermission', '内控监督员提交办理结果按钮', '/User.do?method=applyUser&*,ANY', 3);
insert into JG_PERMISSION (ID, CLASS, NAME, ACTIONS, DOMAIN_ID) values (39, 'net.sf.jguard.core.authorization.permissions.URLPermission', '跳转管理员审核用户创建任务申请列表页面', '/User.do?method=auditUserList&*,ANY', 3);
insert into JG_PERMISSION (ID, CLASS, NAME, ACTIONS, DOMAIN_ID) values (40, 'net.sf.jguard.core.authorization.permissions.URLPermission', '跳转管理员办理审核任务页面按钮', '/User.do?method=auditUserPage&*,ANY', 3);
insert into JG_PERMISSION (ID, CLASS, NAME, ACTIONS, DOMAIN_ID) values (41, 'net.sf.jguard.core.authorization.permissions.URLPermission', '管理员提交办理结果按钮', '/User.do?method=auditUser&*,ANY', 3);
insert into JG_PERMISSION (ID, CLASS, NAME, ACTIONS, DOMAIN_ID) values (42, 'net.sf.jguard.core.authorization.permissions.URLPermission', '跳转用户报备查询(个人)列表页面', '/User.do?method=userReportListOfPersonal&*,ANY', 3);
insert into JG_PERMISSION (ID, CLASS, NAME, ACTIONS, DOMAIN_ID) values (43, 'net.sf.jguard.core.authorization.permissions.URLPermission', '查看用户报备信息(个人)详细按钮', '/User.do?method=readUserReportInfoOfP&*,ANY', 3);
insert into JG_PERMISSION (ID, CLASS, NAME, ACTIONS, DOMAIN_ID) values (44, 'net.sf.jguard.core.authorization.permissions.URLPermission', '跳转用户报备查询(汇总)列表页面', '/User.do?method=userReportListOfTotal&*,ANY', 3);
insert into JG_PERMISSION (ID, CLASS, NAME, ACTIONS, DOMAIN_ID) values (45, 'net.sf.jguard.core.authorization.permissions.URLPermission', '用户报备查询(汇总)导出按钮', '/User.do?method=exportExcelOfTotal&*,ANY', 3);
insert into JG_PERMISSION (ID, CLASS, NAME, ACTIONS, DOMAIN_ID) values (46, 'net.sf.jguard.core.authorization.permissions.URLPermission', '跳转系统用户查询条件设置页面', '/User.do?method=userInfoQueryPage&*,ANY', 3);
insert into JG_PERMISSION (ID, CLASS, NAME, ACTIONS, DOMAIN_ID) values (47, 'net.sf.jguard.core.authorization.permissions.URLPermission', '系统用户查询按钮', '/User.do?method=userInfoQuery&*,ANY', 3);
insert into JG_PERMISSION (ID, CLASS, NAME, ACTIONS, DOMAIN_ID) values (48, 'net.sf.jguard.core.authorization.permissions.URLPermission', '系统用户查询结果导出按钮', '/User.do?method=userInfoQueryResultDownloadExcel&*,ANY', 3);
insert into JG_PERMISSION (ID, CLASS, NAME, ACTIONS, DOMAIN_ID) values (49, 'net.sf.jguard.core.authorization.permissions.URLPermission', '跳转用户表彰信息导入页面菜单', '/User.do?method=toUploadUserComInfoPage&*,ANY', 3);
insert into JG_PERMISSION (ID, CLASS, NAME, ACTIONS, DOMAIN_ID) values (50, 'net.sf.jguard.core.authorization.permissions.URLPermission', '新增用户表彰信息保存按钮', '/User.do?method=userComCreate&*,ANY', 3);
insert into JG_PERMISSION (ID, CLASS, NAME, ACTIONS, DOMAIN_ID) values (51, 'net.sf.jguard.core.authorization.permissions.URLPermission', '用户表彰信息导入按钮', '/User.do?method=uploadUserComInfo&*,ANY', 3);
insert into JG_PERMISSION (ID, CLASS, NAME, ACTIONS, DOMAIN_ID) values (52, 'net.sf.jguard.core.authorization.permissions.URLPermission', '跳转管理员修改用户信息页面按钮', '/User.do?method=updateUserPage&*,ANY', 3);
insert into JG_PERMISSION (ID, CLASS, NAME, ACTIONS, DOMAIN_ID) values (53, 'net.sf.jguard.core.authorization.permissions.URLPermission', '跳转内控监督修改用户信息页面按钮', '/User.do?method=updateUserPageOfNK&*,ANY', 3);
insert into JG_PERMISSION (ID, CLASS, NAME, ACTIONS, DOMAIN_ID) values (54, 'net.sf.jguard.core.authorization.permissions.URLPermission', '跳转添加征信系统用户名列表页面', '/User.do?method=auditZxUserList&*,ANY', 3);
insert into JG_PERMISSION (ID, CLASS, NAME, ACTIONS, DOMAIN_ID) values (55, 'net.sf.jguard.core.authorization.permissions.URLPermission', '跳转添加征信系统用户审核页面按钮', '/User.do?method=auditZxUserPage&*,ANY', 3);
insert into JG_PERMISSION (ID, CLASS, NAME, ACTIONS, DOMAIN_ID) values (56, 'net.sf.jguard.core.authorization.permissions.URLPermission', '提交添加征信系统用户名按钮', '/User.do?method=auditZxUser&*,ANY', 3);
insert into JG_PERMISSION (ID, CLASS, NAME, ACTIONS, DOMAIN_ID) values (60, 'net.sf.jguard.core.authorization.permissions.URLPermission', '跳转机构维护主页菜单', '/SystemBaseInfoManagerAction.do?method=toOrgMain&*,ANY', 4);
insert into JG_PERMISSION (ID, CLASS, NAME, ACTIONS, DOMAIN_ID) values (61, 'net.sf.jguard.core.authorization.permissions.URLPermission', '新增机构信息提交按钮', '/SystemBaseInfoManagerAction.do?method=orgCreate&*,ANY', 4);
insert into JG_PERMISSION (ID, CLASS, NAME, ACTIONS, DOMAIN_ID) values (62, 'net.sf.jguard.core.authorization.permissions.URLPermission', '新增机构表彰信息保存按钮', '/SystemBaseInfoManagerAction.do?method=orgComCreate&*,ANY', 4);
insert into JG_PERMISSION (ID, CLASS, NAME, ACTIONS, DOMAIN_ID) values (63, 'net.sf.jguard.core.authorization.permissions.URLPermission', '修改机构信息提交按钮', '/SystemBaseInfoManagerAction.do?method=orgModify&*,ANY', 4);
insert into JG_PERMISSION (ID, CLASS, NAME, ACTIONS, DOMAIN_ID) values (64, 'net.sf.jguard.core.authorization.permissions.URLPermission', '机构信息删除按钮', '/SystemBaseInfoManagerAction.do?method=orgDelete&*,ANY', 4);
insert into JG_PERMISSION (ID, CLASS, NAME, ACTIONS, DOMAIN_ID) values (65, 'net.sf.jguard.core.authorization.permissions.URLPermission', '跳转机构表彰信息导入页面菜单', '/SystemBaseInfoManagerAction.do?method=toUploadOrgComInfoPage&*,ANY', 4);
insert into JG_PERMISSION (ID, CLASS, NAME, ACTIONS, DOMAIN_ID) values (66, 'net.sf.jguard.core.authorization.permissions.URLPermission', '机构表彰信息文件导入按钮', '/SystemBaseInfoManagerAction.do?method=uploadOrgComInfo&*,ANY', 4);
insert into JG_PERMISSION (ID, CLASS, NAME, ACTIONS, DOMAIN_ID) values (67, 'net.sf.jguard.core.authorization.permissions.URLPermission', '跳转机构查询列表页面', '/SystemBaseInfoManagerAction.do?method=toOrgList&*,ANY', 4);
insert into JG_PERMISSION (ID, CLASS, NAME, ACTIONS, DOMAIN_ID) values (68, 'net.sf.jguard.core.authorization.permissions.URLPermission', '查看机构信息详细按钮', '/SystemBaseInfoManagerAction.do?method=readOrg&*,ANY', 4);
insert into JG_PERMISSION (ID, CLASS, NAME, ACTIONS, DOMAIN_ID) values (69, 'net.sf.jguard.core.authorization.permissions.URLPermission', '跳转部门维护主页菜单', '/SystemBaseInfoManagerAction.do?method=toDeptMain&*,ANY', 4);
insert into JG_PERMISSION (ID, CLASS, NAME, ACTIONS, DOMAIN_ID) values (70, 'net.sf.jguard.core.authorization.permissions.URLPermission', '跳转创建部门信息页面按钮', '/SystemBaseInfoManagerAction.do?method=toCreateDeptPage&*,ANY', 4);
insert into JG_PERMISSION (ID, CLASS, NAME, ACTIONS, DOMAIN_ID) values (71, 'net.sf.jguard.core.authorization.permissions.URLPermission', '跳转部门信息修改页面按钮', '/SystemBaseInfoManagerAction.do?method=toUpdateDeptPage&*,ANY', 4);
insert into JG_PERMISSION (ID, CLASS, NAME, ACTIONS, DOMAIN_ID) values (72, 'net.sf.jguard.core.authorization.permissions.URLPermission', '部门信息修改提交按钮', '/SystemBaseInfoManagerAction.do?method=updateDept&*,ANY', 4);
insert into JG_PERMISSION (ID, CLASS, NAME, ACTIONS, DOMAIN_ID) values (73, 'net.sf.jguard.core.authorization.permissions.URLPermission', '部门信息创建提交按钮', '/SystemBaseInfoManagerAction.do?method=createDept&*,ANY', 4);
insert into JG_PERMISSION (ID, CLASS, NAME, ACTIONS, DOMAIN_ID) values (74, 'net.sf.jguard.core.authorization.permissions.URLPermission', '禁用机构按钮', '/SystemBaseInfoManagerAction.do?method=disableOrg&*,ANY', 4);
insert into JG_PERMISSION (ID, CLASS, NAME, ACTIONS, DOMAIN_ID) values (75, 'net.sf.jguard.core.authorization.permissions.URLPermission', '启用机构按钮', '/SystemBaseInfoManagerAction.do?method=enableOrg&*,ANY', 4);
insert into JG_PERMISSION (ID, CLASS, NAME, ACTIONS, DOMAIN_ID) values (80, 'net.sf.jguard.core.authorization.permissions.URLPermission', '跳转培训信息查询列表页面', '/DailyMgrAction.do?method=toTrainingList&*,ANY', 6);
insert into JG_PERMISSION (ID, CLASS, NAME, ACTIONS, DOMAIN_ID) values (81, 'net.sf.jguard.core.authorization.permissions.URLPermission', '跳转培训信息新增页面按钮', '/DailyMgrAction.do?method=toCreateTrainingPage&*,ANY', 6);
insert into JG_PERMISSION (ID, CLASS, NAME, ACTIONS, DOMAIN_ID) values (82, 'net.sf.jguard.core.authorization.permissions.URLPermission', '新增培训信息保存按钮', '/DailyMgrAction.do?method=createTraining&*,ANY', 6);
insert into JG_PERMISSION (ID, CLASS, NAME, ACTIONS, DOMAIN_ID) values (83, 'net.sf.jguard.core.authorization.permissions.URLPermission', '跳转培训信息详细页面查看按钮', '/DailyMgrAction.do?method=toTrainingDetailPage&*,ANY', 6);
insert into JG_PERMISSION (ID, CLASS, NAME, ACTIONS, DOMAIN_ID) values (84, 'net.sf.jguard.core.authorization.permissions.URLPermission', '培训信息删除按钮', '/DailyMgrAction.do?method=delTraining&*,ANY', 6);
insert into JG_PERMISSION (ID, CLASS, NAME, ACTIONS, DOMAIN_ID) values (85, 'net.sf.jguard.core.authorization.permissions.URLPermission', '跳转工作检查信息查询列表页面', '/DailyMgrAction.do?method=toWorkcheckList&*,ANY', 6);
insert into JG_PERMISSION (ID, CLASS, NAME, ACTIONS, DOMAIN_ID) values (86, 'net.sf.jguard.core.authorization.permissions.URLPermission', '跳转工作检查信息新增页面按钮', '/DailyMgrAction.do?method=toCreateWorkcheckPage&*,ANY', 6);
insert into JG_PERMISSION (ID, CLASS, NAME, ACTIONS, DOMAIN_ID) values (87, 'net.sf.jguard.core.authorization.permissions.URLPermission', '新增工作检查信息保存按钮', '/DailyMgrAction.do?method=createWorkcheck&*,ANY', 6);
insert into JG_PERMISSION (ID, CLASS, NAME, ACTIONS, DOMAIN_ID) values (88, 'net.sf.jguard.core.authorization.permissions.URLPermission', '跳转工作检查信息详细页面查看按钮', '/DailyMgrAction.do?method=toWorkcheckDetailPage&*,ANY', 6);
insert into JG_PERMISSION (ID, CLASS, NAME, ACTIONS, DOMAIN_ID) values (89, 'net.sf.jguard.core.authorization.permissions.URLPermission', '工作检查信息删除按钮', '/DailyMgrAction.do?method=delWorkcheck&*,ANY', 6);
insert into JG_PERMISSION (ID, CLASS, NAME, ACTIONS, DOMAIN_ID) values (90, 'net.sf.jguard.core.authorization.permissions.URLPermission', '跳转非现场工作检查信息查询列表页面', '/DailyMgrAction.do?method=toOffsitecheckList&*,ANY', 6);
insert into JG_PERMISSION (ID, CLASS, NAME, ACTIONS, DOMAIN_ID) values (91, 'net.sf.jguard.core.authorization.permissions.URLPermission', '跳转非现场工作检查信息新增页面按钮', '/DailyMgrAction.do?method=toCreateOffsitecheckPage&*,ANY', 6);
insert into JG_PERMISSION (ID, CLASS, NAME, ACTIONS, DOMAIN_ID) values (92, 'net.sf.jguard.core.authorization.permissions.URLPermission', '新增非现场工作检查信息保存按钮', '/DailyMgrAction.do?method=createOffsitecheck&*,ANY', 6);
insert into JG_PERMISSION (ID, CLASS, NAME, ACTIONS, DOMAIN_ID) values (93, 'net.sf.jguard.core.authorization.permissions.URLPermission', '跳转非现场工作检查信息详细页面查看按钮', '/DailyMgrAction.do?method=toOffsitecheckDetailPage&*,ANY', 6);
insert into JG_PERMISSION (ID, CLASS, NAME, ACTIONS, DOMAIN_ID) values (94, 'net.sf.jguard.core.authorization.permissions.URLPermission', '非现场工作检查信息删除按钮', '/DailyMgrAction.do?method=delOffsitecheck&*,ANY', 6);
insert into JG_PERMISSION (ID, CLASS, NAME, ACTIONS, DOMAIN_ID) values (95, 'net.sf.jguard.core.authorization.permissions.URLPermission', '跳转业务评价信息查询列表页面', '/DailyMgrAction.do?method=toBusievalList&*,ANY', 6);
insert into JG_PERMISSION (ID, CLASS, NAME, ACTIONS, DOMAIN_ID) values (96, 'net.sf.jguard.core.authorization.permissions.URLPermission', '跳转业务评价信息新增页面按钮', '/DailyMgrAction.do?method=toCreateBusievalPage&*,ANY', 6);
insert into JG_PERMISSION (ID, CLASS, NAME, ACTIONS, DOMAIN_ID) values (97, 'net.sf.jguard.core.authorization.permissions.URLPermission', '新增业务评价信息保存按钮', '/DailyMgrAction.do?method=createBusieval&*,ANY', 6);
insert into JG_PERMISSION (ID, CLASS, NAME, ACTIONS, DOMAIN_ID) values (98, 'net.sf.jguard.core.authorization.permissions.URLPermission', '跳转业务评价信息详细页面查看按钮', '/DailyMgrAction.do?method=toBusievalDetailPage&*,ANY', 6);
insert into JG_PERMISSION (ID, CLASS, NAME, ACTIONS, DOMAIN_ID) values (99, 'net.sf.jguard.core.authorization.permissions.URLPermission', '业务评价信息删除按钮', '/DailyMgrAction.do?method=delBusieval&*,ANY', 6);
insert into JG_PERMISSION (ID, CLASS, NAME, ACTIONS, DOMAIN_ID) values (100, 'net.sf.jguard.core.authorization.permissions.URLPermission', '跳转业务评价统计条件设置页面', '/DailyMgrAction.do?method=toBusievalStaPage&*,ANY', 6);
insert into JG_PERMISSION (ID, CLASS, NAME, ACTIONS, DOMAIN_ID) values (101, 'net.sf.jguard.core.authorization.permissions.URLPermission', '业务评价统计按钮', '/DailyMgrAction.do?method=busievalSta&*,ANY', 6);
insert into JG_PERMISSION (ID, CLASS, NAME, ACTIONS, DOMAIN_ID) values (102, 'net.sf.jguard.core.authorization.permissions.URLPermission', '添加业务评价信息保存按钮', '/DailyMgrAction.do?method=addEvalInfo&*,ANY', 6);
insert into JG_PERMISSION (ID, CLASS, NAME, ACTIONS, DOMAIN_ID) values (103, 'net.sf.jguard.core.authorization.permissions.URLPermission', '删除评价信息按钮', '/DailyMgrAction.do?method=deleteEvalInfo&*,ANY', 6);
insert into JG_PERMISSION (ID, CLASS, NAME, ACTIONS, DOMAIN_ID) values (104, 'net.sf.jguard.core.authorization.permissions.URLPermission', '提交评价信息修改按钮', '/DailyMgrAction.do?method=updateEvalInfo&*,ANY', 6);
insert into JG_PERMISSION (ID, CLASS, NAME, ACTIONS, DOMAIN_ID) values (105, 'net.sf.jguard.core.authorization.permissions.URLPermission', '跳转业务评价占比列表页面', '/DailyMgrAction.do?method=toEvalProportionList&*,ANY', 6);
insert into JG_PERMISSION (ID, CLASS, NAME, ACTIONS, DOMAIN_ID) values (106, 'net.sf.jguard.core.authorization.permissions.URLPermission', '跳转业务评价占比维护页面', '/DailyMgrAction.do?method=toCreateEvalProportionPage&*,ANY', 6);
insert into JG_PERMISSION (ID, CLASS, NAME, ACTIONS, DOMAIN_ID) values (107, 'net.sf.jguard.core.authorization.permissions.URLPermission', '占比维护保存按钮', '/DailyMgrAction.do?method=createEvalProportion&*,ANY', 6);
insert into JG_PERMISSION (ID, CLASS, NAME, ACTIONS, DOMAIN_ID) values (120, 'net.sf.jguard.core.authorization.permissions.URLPermission', '跳转征信机构诚信档案录入页面', '/ZxMarketMgrAction.do?method=toZxOrgIntegrityDocumentInit&*,ANY', 7);
insert into JG_PERMISSION (ID, CLASS, NAME, ACTIONS, DOMAIN_ID) values (121, 'net.sf.jguard.core.authorization.permissions.URLPermission', '征信机构查询档案录入保存按钮', '/ZxMarketMgrAction.do?method=createZxOrgIntegrityDocument&*,ANY', 7);
insert into JG_PERMISSION (ID, CLASS, NAME, ACTIONS, DOMAIN_ID) values (122, 'net.sf.jguard.core.authorization.permissions.URLPermission', '跳转征信人员诚信档案录入页面', '/ZxMarketMgrAction.do?method=toZxPersonalIntegrityDocumentInit&*,ANY', 7);
insert into JG_PERMISSION (ID, CLASS, NAME, ACTIONS, DOMAIN_ID) values (123, 'net.sf.jguard.core.authorization.permissions.URLPermission', '征信人员查询档案录入保存按钮', '/ZxMarketMgrAction.do?method=createZxPersonalIntegrityDocument&*,ANY', 7);
insert into JG_PERMISSION (ID, CLASS, NAME, ACTIONS, DOMAIN_ID) values (124, 'net.sf.jguard.core.authorization.permissions.URLPermission', '跳转征信机构诚信档案查询页面菜单', '/ZxMarketMgrAction.do?method=toZxOrgIntegrityDocumentList&*,ANY', 7);
insert into JG_PERMISSION (ID, CLASS, NAME, ACTIONS, DOMAIN_ID) values (125, 'net.sf.jguard.core.authorization.permissions.URLPermission', '跳转征信人员诚信档案查询页面菜单', '/ZxMarketMgrAction.do?method=toZxPersonalIntegrityDocumentList&*,ANY,ANY', 7);
insert into JG_PERMISSION (ID, CLASS, NAME, ACTIONS, DOMAIN_ID) values (200, 'net.sf.jguard.core.authorization.permissions.URLPermission', '跳转行政执法检查情况统计表统计页面', '/AdminEnforceManagerAction.do?method=toAeinspectionAnl&*,ANY', 5);
insert into JG_PERMISSION (ID, CLASS, NAME, ACTIONS, DOMAIN_ID) values (201, 'net.sf.jguard.core.authorization.permissions.URLPermission', '生成行政执法检查情况统计表Excel文件', '/AdminEnforceManagerAction.do?method=generateAeinspectionAnlExcel&*,ANY', 5);
insert into JG_PERMISSION (ID, CLASS, NAME, ACTIONS, DOMAIN_ID) values (202, 'net.sf.jguard.core.authorization.permissions.URLPermission', '跳转行政执法登记页面', '/AdminEnforceManagerAction.do?method=toAdminEnforceInitPage&*,ANY', 5);
insert into JG_PERMISSION (ID, CLASS, NAME, ACTIONS, DOMAIN_ID) values (203, 'net.sf.jguard.core.authorization.permissions.URLPermission', '行政执法登记保存', '/AdminEnforceManagerAction.do?method=createAdminEnforce&*,ANY', 5);
insert into JG_PERMISSION (ID, CLASS, NAME, ACTIONS, DOMAIN_ID) values (204, 'net.sf.jguard.core.authorization.permissions.URLPermission', '跳转行政执法信息列表页面', '/AdminEnforceManagerAction.do?method=toAdminEnforceList&*,ANY', 5);
insert into JG_PERMISSION (ID, CLASS, NAME, ACTIONS, DOMAIN_ID) values (205, 'net.sf.jguard.core.authorization.permissions.URLPermission', '跳转行政执法信息详细页面', '/AdminEnforceManagerAction.do?method=toAdminEnforceDetailPage&*,ANY', 5);
insert into JG_PERMISSION (ID, CLASS, NAME, ACTIONS, DOMAIN_ID) values (206, 'net.sf.jguard.core.authorization.permissions.URLPermission', '跳转行政执法信息修改页面', '/AdminEnforceManagerAction.do?method=toUpdateAdminEnforcePage&*,ANY', 5);
insert into JG_PERMISSION (ID, CLASS, NAME, ACTIONS, DOMAIN_ID) values (207, 'net.sf.jguard.core.authorization.permissions.URLPermission', '行政执法信息修改', '/AdminEnforceManagerAction.do?method=updateAdminEnforce&*,ANY', 5);
insert into JG_PERMISSION (ID, CLASS, NAME, ACTIONS, DOMAIN_ID) values (208, 'net.sf.jguard.core.authorization.permissions.URLPermission', '行政执法信息删除', '/AdminEnforceManagerAction.do?method=delAdminEnforce&*,ANY', 5);
insert into JG_PERMISSION (ID, CLASS, NAME, ACTIONS, DOMAIN_ID) values (209, 'net.sf.jguard.core.authorization.permissions.URLPermission', '跳转检查工作记录录入页面', '/AdminEnforceManagerAction.do?method=toAeinspectionInitPage&*,ANY', 5);
insert into JG_PERMISSION (ID, CLASS, NAME, ACTIONS, DOMAIN_ID) values (210, 'net.sf.jguard.core.authorization.permissions.URLPermission', '检查工作记录保存方法', '/AdminEnforceManagerAction.do?method=createAeinspection&*,ANY', 5);
insert into JG_PERMISSION (ID, CLASS, NAME, ACTIONS, DOMAIN_ID) values (211, 'net.sf.jguard.core.authorization.permissions.URLPermission', '保存工作底稿', '/AdminEnforceManagerAction.do?method=saveBasis&*,ANY', 5);
insert into JG_PERMISSION (ID, CLASS, NAME, ACTIONS, DOMAIN_ID) values (212, 'net.sf.jguard.core.authorization.permissions.URLPermission', '查询工作底稿', '/AdminEnforceManagerAction.do?method=queryBasises&*,ANY', 5);
insert into JG_PERMISSION (ID, CLASS, NAME, ACTIONS, DOMAIN_ID) values (213, 'net.sf.jguard.core.authorization.permissions.URLPermission', '分页查询工作底稿', '/AdminEnforceManagerAction.do?method=pageBasises&*,ANY', 5);
insert into JG_PERMISSION (ID, CLASS, NAME, ACTIONS, DOMAIN_ID) values (214, 'net.sf.jguard.core.authorization.permissions.URLPermission', '获取工作底稿检查详情', '/AdminEnforceManagerAction.do?method=getBasisContent&*,ANY', 5);
insert into JG_PERMISSION (ID, CLASS, NAME, ACTIONS, DOMAIN_ID) values (215, 'net.sf.jguard.core.authorization.permissions.URLPermission', '保存进场记录', '/AdminEnforceManagerAction.do?method=saveComing&*,ANY', 5);
insert into JG_PERMISSION (ID, CLASS, NAME, ACTIONS, DOMAIN_ID) values (216, 'net.sf.jguard.core.authorization.permissions.URLPermission', '分页查询进场记录', '/AdminEnforceManagerAction.do?method=pageComings&*,ANY', 5);
insert into JG_PERMISSION (ID, CLASS, NAME, ACTIONS, DOMAIN_ID) values (217, 'net.sf.jguard.core.authorization.permissions.URLPermission', '获取进场记录检查详情', '/AdminEnforceManagerAction.do?method=getComingContent&*,ANY', 5);
insert into JG_PERMISSION (ID, CLASS, NAME, ACTIONS, DOMAIN_ID) values (218, 'net.sf.jguard.core.authorization.permissions.URLPermission', '保存离场记录', '/AdminEnforceManagerAction.do?method=saveGoaway&*,ANY', 5);
insert into JG_PERMISSION (ID, CLASS, NAME, ACTIONS, DOMAIN_ID) values (219, 'net.sf.jguard.core.authorization.permissions.URLPermission', '分页查询离场记录', '/AdminEnforceManagerAction.do?method=pageGoaways&*,ANY', 5);
insert into JG_PERMISSION (ID, CLASS, NAME, ACTIONS, DOMAIN_ID) values (220, 'net.sf.jguard.core.authorization.permissions.URLPermission', '获取离场记录检查详情', '/AdminEnforceManagerAction.do?method=getGoawayContent&*,ANY', 5);
insert into JG_PERMISSION (ID, CLASS, NAME, ACTIONS, DOMAIN_ID) values (221, 'net.sf.jguard.core.authorization.permissions.URLPermission', '保存会谈纪要', '/AdminEnforceManagerAction.do?method=saveTalkSummary&*,ANY', 5);
insert into JG_PERMISSION (ID, CLASS, NAME, ACTIONS, DOMAIN_ID) values (222, 'net.sf.jguard.core.authorization.permissions.URLPermission', '分页查询会谈纪要', '/AdminEnforceManagerAction.do?method=pageTalkSummarys&*,ANY', 5);
insert into JG_PERMISSION (ID, CLASS, NAME, ACTIONS, DOMAIN_ID) values (223, 'net.sf.jguard.core.authorization.permissions.URLPermission', '获取会谈纪要检查详情', '/AdminEnforceManagerAction.do?method=getTalkSummaryContent&*,ANY', 5);
insert into JG_PERMISSION (ID, CLASS, NAME, ACTIONS, DOMAIN_ID) values (224, 'net.sf.jguard.core.authorization.permissions.URLPermission', '获取问题概况树', '/AdminEnforceManagerAction.do?method=getProblemSummay&*,ANY', 5);
insert into JG_PERMISSION (ID, CLASS, NAME, ACTIONS, DOMAIN_ID) values (225, 'net.sf.jguard.core.authorization.permissions.URLPermission', '根据选择的问题概况生成事实认定书内容', '/AdminEnforceManagerAction.do?method=generateFactBook&*,ANY', 5);
insert into JG_PERMISSION (ID, CLASS, NAME, ACTIONS, DOMAIN_ID) values (226, 'net.sf.jguard.core.authorization.permissions.URLPermission', '保存事实认定书内容', '/AdminEnforceManagerAction.do?method=saveFactBook&*,ANY', 5);
insert into JG_PERMISSION (ID, CLASS, NAME, ACTIONS, DOMAIN_ID) values (227, 'net.sf.jguard.core.authorization.permissions.URLPermission', '保存执法统计情况', '/AdminEnforceManagerAction.do?method=saveInspectionAnl&*,ANY', 5);
insert into JG_PERMISSION (ID, CLASS, NAME, ACTIONS, DOMAIN_ID) values (228, 'net.sf.jguard.core.authorization.permissions.URLPermission', '查询执法统计情况', '/AdminEnforceManagerAction.do?method=pageInspectionAnl&*,ANY', 5);
insert into JG_PERMISSION (ID, CLASS, NAME, ACTIONS, DOMAIN_ID) values (229, 'net.sf.jguard.core.authorization.permissions.URLPermission', '生成事实认定书Word文件', '/AdminEnforceManagerAction.do?method=generateWord&*,ANY', 5);
insert into JG_PERMISSION (ID, CLASS, NAME, ACTIONS, DOMAIN_ID) values (230, 'net.sf.jguard.core.authorization.permissions.URLPermission', '生成工作底稿Word文件', '/AdminEnforceManagerAction.do?method=generateGzdgWord&*,ANY', 5);
insert into JG_PERMISSION (ID, CLASS, NAME, ACTIONS, DOMAIN_ID) values (231, 'net.sf.jguard.core.authorization.permissions.URLPermission', '生成进场记录Word文件', '/AdminEnforceManagerAction.do?method=generateJcjlWord&*,ANY', 5);
insert into JG_PERMISSION (ID, CLASS, NAME, ACTIONS, DOMAIN_ID) values (232, 'net.sf.jguard.core.authorization.permissions.URLPermission', '生成离场会谈记录Word文件', '/AdminEnforceManagerAction.do?method=generateLchtjlWord&*,ANY', 5);
insert into JG_PERMISSION (ID, CLASS, NAME, ACTIONS, DOMAIN_ID) values (233, 'net.sf.jguard.core.authorization.permissions.URLPermission', '生成会谈纪要Word文件', '/AdminEnforceManagerAction.do?method=generateHtjyWord&*,ANY', 5);
insert into JG_PERMISSION (ID, CLASS, NAME, ACTIONS, DOMAIN_ID) values (234, 'net.sf.jguard.core.authorization.permissions.URLPermission', '生成立项审批表Word文件', '/AdminEnforceManagerAction.do?method=generateLxspbWord&*,ANY', 5);
insert into JG_PERMISSION (ID, CLASS, NAME, ACTIONS, DOMAIN_ID) values (235, 'net.sf.jguard.core.authorization.permissions.URLPermission', '跳转检查工作记录列表页面', '/AdminEnforceManagerAction.do?method=toAeinspectionList&*,ANY', 5);
insert into JG_PERMISSION (ID, CLASS, NAME, ACTIONS, DOMAIN_ID) values (236, 'net.sf.jguard.core.authorization.permissions.URLPermission', '分页查询执法检查情况统计表', '/AdminEnforceManagerAction.do?method=pageAeInspectionAnalyse&*,ANY', 5);
insert into JG_PERMISSION (ID, CLASS, NAME, ACTIONS, DOMAIN_ID) values (237, 'net.sf.jguard.core.authorization.permissions.URLPermission', '跳转检查工作记录详细页面', '/AdminEnforceManagerAction.do?method=toAeinspectionDetailPage&*,ANY', 5);
insert into JG_PERMISSION (ID, CLASS, NAME, ACTIONS, DOMAIN_ID) values (238, 'net.sf.jguard.core.authorization.permissions.URLPermission', '跳转检查工作记录修改页面', '/AdminEnforceManagerAction.do?method=toUpdateAeinspectionPage&*,ANY', 5);
insert into JG_PERMISSION (ID, CLASS, NAME, ACTIONS, DOMAIN_ID) values (239, 'net.sf.jguard.core.authorization.permissions.URLPermission', '检查工作记录修改', '/AdminEnforceManagerAction.do?method=updateAeinspection&*,ANY', 5);
insert into JG_PERMISSION (ID, CLASS, NAME, ACTIONS, DOMAIN_ID) values (240, 'net.sf.jguard.core.authorization.permissions.URLPermission', '检查工作记录删除', '/AdminEnforceManagerAction.do?method=delAeinspection&*,ANY', 5);
insert into JG_PERMISSION (ID, CLASS, NAME, ACTIONS, DOMAIN_ID) values (241, 'net.sf.jguard.core.authorization.permissions.URLPermission', '跳转检查结论登记页面', '/AdminEnforceManagerAction.do?method=toAeconclusionInitPage&*,ANY', 5);
insert into JG_PERMISSION (ID, CLASS, NAME, ACTIONS, DOMAIN_ID) values (242, 'net.sf.jguard.core.authorization.permissions.URLPermission', '根据机构No获取用户信息', '/AdminEnforceManagerAction.do?method=getUsersByOrgNo&*,ANY', 5);
insert into JG_PERMISSION (ID, CLASS, NAME, ACTIONS, DOMAIN_ID) values (243, 'net.sf.jguard.core.authorization.permissions.URLPermission', '根据机构No获取该机构下子机构', '/AdminEnforceManagerAction.do?method=getOrgsByParentOrgNo&*,ANY', 5);
insert into JG_PERMISSION (ID, CLASS, NAME, ACTIONS, DOMAIN_ID) values (244, 'net.sf.jguard.core.authorization.permissions.URLPermission', '检查结论保存方法', '/AdminEnforceManagerAction.do?method=createAeconclusion&*,ANY', 5);
insert into JG_PERMISSION (ID, CLASS, NAME, ACTIONS, DOMAIN_ID) values (245, 'net.sf.jguard.core.authorization.permissions.URLPermission', '跳转检查结论列表页面', '/AdminEnforceManagerAction.do?method=toAeconclusionList&*,ANY', 5);
insert into JG_PERMISSION (ID, CLASS, NAME, ACTIONS, DOMAIN_ID) values (246, 'net.sf.jguard.core.authorization.permissions.URLPermission', '跳转检查结论详细页面', '/AdminEnforceManagerAction.do?method=toAeconclusionDetailPage&*,ANY', 5);
insert into JG_PERMISSION (ID, CLASS, NAME, ACTIONS, DOMAIN_ID) values (247, 'net.sf.jguard.core.authorization.permissions.URLPermission', '跳转检查结论修改页面', '/AdminEnforceManagerAction.do?method=toUpdateAeconclusionPage&*,ANY', 5);
insert into JG_PERMISSION (ID, CLASS, NAME, ACTIONS, DOMAIN_ID) values (248, 'net.sf.jguard.core.authorization.permissions.URLPermission', '检查结论修改', '/AdminEnforceManagerAction.do?method=updateAeconclusion&*,ANY', 5);
insert into JG_PERMISSION (ID, CLASS, NAME, ACTIONS, DOMAIN_ID) values (249, 'net.sf.jguard.core.authorization.permissions.URLPermission', '检查结论删除', '/AdminEnforceManagerAction.do?method=delAeconclusion&*,ANY', 5);
insert into JG_PERMISSION (ID, CLASS, NAME, ACTIONS, DOMAIN_ID) values (250, 'net.sf.jguard.core.authorization.permissions.URLPermission', '跳转跟踪整改信息录入页面', '/AdminEnforceManagerAction.do?method=toAerectificationInitPage&*,ANY', 5);
insert into JG_PERMISSION (ID, CLASS, NAME, ACTIONS, DOMAIN_ID) values (251, 'net.sf.jguard.core.authorization.permissions.URLPermission', '跟踪整改信息保存方法', '/AdminEnforceManagerAction.do?method=createAerectification&*,ANY', 5);
insert into JG_PERMISSION (ID, CLASS, NAME, ACTIONS, DOMAIN_ID) values (252, 'net.sf.jguard.core.authorization.permissions.URLPermission', '跳转跟踪整改信息列表页面', '/AdminEnforceManagerAction.do?method=toAerectificationList&*,ANY', 5);
insert into JG_PERMISSION (ID, CLASS, NAME, ACTIONS, DOMAIN_ID) values (253, 'net.sf.jguard.core.authorization.permissions.URLPermission', '跳转跟踪整改信息详细页面', '/AdminEnforceManagerAction.do?method=toAerectificationDetailPage&*,ANY', 5);
insert into JG_PERMISSION (ID, CLASS, NAME, ACTIONS, DOMAIN_ID) values (254, 'net.sf.jguard.core.authorization.permissions.URLPermission', '跳转跟踪整改信息修改页面', '/AdminEnforceManagerAction.do?method=toUpdateAerectificationPage&*,ANY', 5);
insert into JG_PERMISSION (ID, CLASS, NAME, ACTIONS, DOMAIN_ID) values (255, 'net.sf.jguard.core.authorization.permissions.URLPermission', '跟踪整改信息修改', '/AdminEnforceManagerAction.do?method=updateAerectification&*,ANY', 5);
insert into JG_PERMISSION (ID, CLASS, NAME, ACTIONS, DOMAIN_ID) values (256, 'net.sf.jguard.core.authorization.permissions.URLPermission', '跟踪整改信息删除', '/AdminEnforceManagerAction.do?method=delAerectification&*,ANY', 5);
insert into JG_PERMISSION (ID, CLASS, NAME, ACTIONS, DOMAIN_ID) values (258, 'net.sf.jguard.core.authorization.permissions.URLPermission', '跳转行政处罚信息列表页面', '/AdminSanctionManagerAction.do?method=toAeSanctionList&*,ANY', 5);
insert into JG_PERMISSION (ID, CLASS, NAME, ACTIONS, DOMAIN_ID) values (259, 'net.sf.jguard.core.authorization.permissions.URLPermission', '跳转行政处罚信息登记页面', '/AdminSanctionManagerAction.do?method=toAeSanctionInitPage&*,ANY', 5);
insert into JG_PERMISSION (ID, CLASS, NAME, ACTIONS, DOMAIN_ID) values (260, 'net.sf.jguard.core.authorization.permissions.URLPermission', '从处罚登记处跳转行政处罚信息登记页面', '/AdminSanctionManagerAction.do?method=toAeSanctionInitPageFromPunish&*,ANY', 5);
insert into JG_PERMISSION (ID, CLASS, NAME, ACTIONS, DOMAIN_ID) values (261, 'net.sf.jguard.core.authorization.permissions.URLPermission', '行政处罚信息保存方法', '/AdminSanctionManagerAction.do?method=createAeSanction&*,ANY', 5);
insert into JG_PERMISSION (ID, CLASS, NAME, ACTIONS, DOMAIN_ID) values (262, 'net.sf.jguard.core.authorization.permissions.URLPermission', '跳转行政处罚信息详细页面', '/AdminSanctionManagerAction.do?method=toAeSanctionDetailPage&*,ANY', 5);
insert into JG_PERMISSION (ID, CLASS, NAME, ACTIONS, DOMAIN_ID) values (263, 'net.sf.jguard.core.authorization.permissions.URLPermission', '跳转行政处罚信息修改页面', '/AdminSanctionManagerAction.do?method=toUpdateAeSanctionPage&*,ANY', 5);
insert into JG_PERMISSION (ID, CLASS, NAME, ACTIONS, DOMAIN_ID) values (264, 'net.sf.jguard.core.authorization.permissions.URLPermission', '行政处罚信息修改', '/AdminSanctionManagerAction.do?method=updateAeSanction&*,ANY', 5);
insert into JG_PERMISSION (ID, CLASS, NAME, ACTIONS, DOMAIN_ID) values (265, 'net.sf.jguard.core.authorization.permissions.URLPermission', '行政处罚信息删除', '/AdminSanctionManagerAction.do?method=delAeSanction&*,ANY', 5);
insert into JG_PERMISSION (ID, CLASS, NAME, ACTIONS, DOMAIN_ID) values (266, 'net.sf.jguard.core.authorization.permissions.URLPermission', '跳转行政处罚结论登记页面', '/AdminSanctionManagerAction.do?method=toAeSanctionConInitPage&*,ANY', 5);
insert into JG_PERMISSION (ID, CLASS, NAME, ACTIONS, DOMAIN_ID) values (267, 'net.sf.jguard.core.authorization.permissions.URLPermission', '行政处罚结论信息保存方法', '/AdminSanctionManagerAction.do?method=createAeSanctionCon&*,ANY', 5);
insert into JG_PERMISSION (ID, CLASS, NAME, ACTIONS, DOMAIN_ID) values (268, 'net.sf.jguard.core.authorization.permissions.URLPermission', '跳转行政处罚结论信息列表页面', '/AdminSanctionManagerAction.do?method=toAeSanctionConList&*,ANY', 5);
insert into JG_PERMISSION (ID, CLASS, NAME, ACTIONS, DOMAIN_ID) values (269, 'net.sf.jguard.core.authorization.permissions.URLPermission', '行政处罚结论信息删除', '/AdminSanctionManagerAction.do?method=delAeSanctionCon&*,ANY', 5);
insert into JG_PERMISSION (ID, CLASS, NAME, ACTIONS, DOMAIN_ID) values (270, 'net.sf.jguard.core.authorization.permissions.URLPermission', '跳转行政处罚结论信息详细页面', '/AdminSanctionManagerAction.do?method=toAeSanctionConDetailPage&*,ANY', 5);
insert into JG_PERMISSION (ID, CLASS, NAME, ACTIONS, DOMAIN_ID) values (271, 'net.sf.jguard.core.authorization.permissions.URLPermission', '生成行政处罚立项审批表Word文件', '/AdminSanctionManagerAction.do?method=generateXzcflxbWord&*,ANY', 5);
insert into JG_PERMISSION (ID, CLASS, NAME, ACTIONS, DOMAIN_ID) values (272, 'net.sf.jguard.core.authorization.permissions.URLPermission', '点击登记执法检查结论菜单', '/AdminEnforceManagerAction.do?method=toAeinspListForCreateConcl&*,ANY', 5);
insert into JG_PERMISSION (ID, CLASS, NAME, ACTIONS, DOMAIN_ID) values (273, 'net.sf.jguard.core.authorization.permissions.URLPermission', '点击登记执法检查整改记录菜单', '/AdminEnforceManagerAction.do?method=toAeinspListForCreateRecti&*,ANY', 5);
insert into JG_PERMISSION (ID, CLASS, NAME, ACTIONS, DOMAIN_ID) values (274, 'net.sf.jguard.core.authorization.permissions.URLPermission', '根据多个机构No获取用户信息', '/AdminEnforceManagerAction.do?method=getUsersByOrgNos&*,ANY', 5);
insert into JG_PERMISSION (ID, CLASS, NAME, ACTIONS, DOMAIN_ID) values (275, 'net.sf.jguard.core.authorization.permissions.URLPermission', '行政执法下载附件', '/AdminEnforceManagerAction.do?method=downloadAtt&*,ANY', 5);
insert into JG_PERMISSION (ID, CLASS, NAME, ACTIONS, DOMAIN_ID) values (276, 'net.sf.jguard.core.authorization.permissions.URLPermission', '行政处罚下载附件', '/AdminSanctionManagerAction.do?method=downloadAtt&*,ANY', 5);
insert into JG_PERMISSION (ID, CLASS, NAME, ACTIONS, DOMAIN_ID) values (277, 'net.sf.jguard.core.authorization.permissions.URLPermission', '获取行政执法结论相关详细信息', '/AdminSanctionManagerAction.do?method=getAeconclusionInfo&*,ANY', 8);
insert into JG_PERMISSION (ID, CLASS, NAME, ACTIONS, DOMAIN_ID) values (278, 'net.sf.jguard.core.authorization.permissions.URLPermission', '商业银行获取行政执法结论分页信息', '/AdminSanctionManagerAction.do?method=pageAeconclusionInfo&*,ANY', 8);
insert into JG_PERMISSION (ID, CLASS, NAME, ACTIONS, DOMAIN_ID) values (279, 'net.sf.jguard.core.authorization.permissions.URLPermission', '根据人民银行机构获取机构下执法人员', '/AdminEnforceManagerAction.do?method=getAepeoplesByPcbOrgNo&*,ANY', 5);
insert into JG_PERMISSION (ID, CLASS, NAME, ACTIONS, DOMAIN_ID) values (108, 'net.sf.jguard.core.authorization.permissions.URLPermission', '跳转业务评价基本分列表页面', '/DailyMgrAction.do?method=toEvalBaseScoreList&*,ANY', 6);
insert into JG_PERMISSION (ID, CLASS, NAME, ACTIONS, DOMAIN_ID) values (109, 'net.sf.jguard.core.authorization.permissions.URLPermission', '跳转业务评价基本分维护页面', '/DailyMgrAction.do?method=toCreateEvalBaseScorePage&*,ANY', 6);
insert into JG_PERMISSION (ID, CLASS, NAME, ACTIONS, DOMAIN_ID) values (110, 'net.sf.jguard.core.authorization.permissions.URLPermission', '基本分维护保存按钮', '/DailyMgrAction.do?method=createBaseScore&*,ANY', 6);
insert into JG_PERMISSION (ID, CLASS, NAME, ACTIONS, DOMAIN_ID) values (111, 'net.sf.jguard.core.authorization.permissions.URLPermission', '跳转业务评价评分列表页面', '/DailyMgrAction.do?method=toEvalMarkingList&*,ANY', 6);
insert into JG_PERMISSION (ID, CLASS, NAME, ACTIONS, DOMAIN_ID) values (112, 'net.sf.jguard.core.authorization.permissions.URLPermission', '跳转业务评价评分操作页面', '/DailyMgrAction.do?method=toCreateEvalMarkingPage&*,ANY', 6);
insert into JG_PERMISSION (ID, CLASS, NAME, ACTIONS, DOMAIN_ID) values (113, 'net.sf.jguard.core.authorization.permissions.URLPermission', '评分结果保存按钮', '/DailyMgrAction.do?method=createEvalMarking&*,ANY', 6);
insert into JG_PERMISSION (ID, CLASS, NAME, ACTIONS, DOMAIN_ID) values (284, 'net.sf.jguard.core.authorization.permissions.URLPermission', '跳转商业银行获取行政执法结论分页页面', '/AdminSanctionManagerAction.do?method=toPageAeconclusionInfo&*,ANY', 8);
insert into JG_PERMISSION (ID, CLASS, NAME, ACTIONS, DOMAIN_ID) values (285, 'net.sf.jguard.core.authorization.permissions.URLPermission', '考试系统管理', '/toExam.do?method=toExam&*,ANY', 9);
insert into JG_PERMISSION (ID, CLASS, NAME, ACTIONS, DOMAIN_ID) values (289, 'net.sf.jguard.core.authorization.permissions.URLPermission', '获取登录人当前信息', '/AdminEnforceManagerAction.do?method=getLoginInfo&*,ANY', 1);
insert into JG_PERMISSION (ID, CLASS, NAME, ACTIONS, DOMAIN_ID) values (57, 'net.sf.jguard.core.authorization.permissions.URLPermission', '跳转用户管理列表页面', '/User.do?method=userList&*,ANY,ANY', 3);
DROP TABLE JG_PRINCIPAL;
CREATE TABLE JG_PRINCIPAL ( ID BIGINT NOT NULL, NAME VARCHAR(255) NOT NULL, APPLICATION_NAME VARCHAR(255) NOT NULL, CLASS_NAME VARCHAR(255) NOT NULL, PRIMARY KEY (ID) );
insert into JG_PRINCIPAL (ID, NAME, APPLICATION_NAME, CLASS_NAME) values (1, 'admin', 'csims', 'net.sf.jguard.core.principals.RolePrincipal');
insert into JG_PRINCIPAL (ID, NAME, APPLICATION_NAME, CLASS_NAME) values (2, 'guest', 'csims', 'net.sf.jguard.core.principals.RolePrincipal');
insert into JG_PRINCIPAL (ID, NAME, APPLICATION_NAME, CLASS_NAME) values (3, 'systemadmin', 'csims', 'net.sf.jguard.core.principals.RolePrincipal');
insert into JG_PRINCIPAL (ID, NAME, APPLICATION_NAME, CLASS_NAME) values (4, '高级管理员用户（人行）', 'csims', 'net.sf.jguard.core.principals.RolePrincipal');
insert into JG_PRINCIPAL (ID, NAME, APPLICATION_NAME, CLASS_NAME) values (5, '高级管理员用户（非人行）', 'csims', 'net.sf.jguard.core.principals.RolePrincipal');
insert into JG_PRINCIPAL (ID, NAME, APPLICATION_NAME, CLASS_NAME) values (6, '一般管理员用户（人行市中支）', 'csims', 'net.sf.jguard.core.principals.RolePrincipal');
insert into JG_PRINCIPAL (ID, NAME, APPLICATION_NAME, CLASS_NAME) values (7, '一般管理员用户（非人行）', 'csims', 'net.sf.jguard.core.principals.RolePrincipal');
insert into JG_PRINCIPAL (ID, NAME, APPLICATION_NAME, CLASS_NAME) values (8, '内控监督员用户（人行县支行）', 'csims', 'net.sf.jguard.core.principals.RolePrincipal');
insert into JG_PRINCIPAL (ID, NAME, APPLICATION_NAME, CLASS_NAME) values (9, '内控监督员用户（非人行）', 'csims', 'net.sf.jguard.core.principals.RolePrincipal');
insert into JG_PRINCIPAL (ID, NAME, APPLICATION_NAME, CLASS_NAME) values (10, '普通用户（人行市中支）', 'csims', 'net.sf.jguard.core.principals.RolePrincipal');
insert into JG_PRINCIPAL (ID, NAME, APPLICATION_NAME, CLASS_NAME) values (11, '普通用户（金融机构）', 'csims', 'net.sf.jguard.core.principals.RolePrincipal');
insert into JG_PRINCIPAL (ID, NAME, APPLICATION_NAME, CLASS_NAME) values (12, '行政执法人员', 'csims', 'net.sf.jguard.core.principals.RolePrincipal');
insert into JG_PRINCIPAL (ID, NAME, APPLICATION_NAME, CLASS_NAME) values (13, '普通用户（非金融机构）', 'csims', 'net.sf.jguard.core.principals.RolePrincipal');
insert into JG_PRINCIPAL (ID, NAME, APPLICATION_NAME, CLASS_NAME) values (14, '一般管理员用户（人行成都分行）', 'csims', 'net.sf.jguard.core.principals.RolePrincipal');
insert into JG_PRINCIPAL (ID, NAME, APPLICATION_NAME, CLASS_NAME) values (15, '一般管理员用户（人行县支行）', 'csims', 'net.sf.jguard.core.principals.RolePrincipal');
insert into JG_PRINCIPAL (ID, NAME, APPLICATION_NAME, CLASS_NAME) values (16, '内控监督员用户（人行成都分行）', 'csims', 'net.sf.jguard.core.principals.RolePrincipal');
insert into JG_PRINCIPAL (ID, NAME, APPLICATION_NAME, CLASS_NAME) values (17, '内控监督员用户（人行市中支）', 'csims', 'net.sf.jguard.core.principals.RolePrincipal');
insert into JG_PRINCIPAL (ID, NAME, APPLICATION_NAME, CLASS_NAME) values (18, '普通用户（人行县支行）', 'csims', 'net.sf.jguard.core.principals.RolePrincipal');
insert into JG_PRINCIPAL (ID, NAME, APPLICATION_NAME, CLASS_NAME) values (19, '普通用户（人行成都分行）', 'csims', 'net.sf.jguard.core.principals.RolePrincipal');
DROP TABLE JG_PRINCIPAL_DOMAIN;
CREATE TABLE JG_PRINCIPAL_DOMAIN ( DOMAIN_ID BIGINT NOT NULL, PRINCIPAL_ID BIGINT NOT NULL, PRIMARY KEY (PRINCIPAL_ID, DOMAIN_ID) );
insert into JG_PRINCIPAL_DOMAIN (DOMAIN_ID, PRINCIPAL_ID) values (1, 1);
insert into JG_PRINCIPAL_DOMAIN (DOMAIN_ID, PRINCIPAL_ID) values (2, 1);
insert into JG_PRINCIPAL_DOMAIN (DOMAIN_ID, PRINCIPAL_ID) values (3, 1);
insert into JG_PRINCIPAL_DOMAIN (DOMAIN_ID, PRINCIPAL_ID) values (4, 1);
insert into JG_PRINCIPAL_DOMAIN (DOMAIN_ID, PRINCIPAL_ID) values (5, 1);
insert into JG_PRINCIPAL_DOMAIN (DOMAIN_ID, PRINCIPAL_ID) values (6, 1);
insert into JG_PRINCIPAL_DOMAIN (DOMAIN_ID, PRINCIPAL_ID) values (7, 1);
insert into JG_PRINCIPAL_DOMAIN (DOMAIN_ID, PRINCIPAL_ID) values (1, 2);
insert into JG_PRINCIPAL_DOMAIN (DOMAIN_ID, PRINCIPAL_ID) values (1, 3);
insert into JG_PRINCIPAL_DOMAIN (DOMAIN_ID, PRINCIPAL_ID) values (1, 4);
insert into JG_PRINCIPAL_DOMAIN (DOMAIN_ID, PRINCIPAL_ID) values (4, 4);
insert into JG_PRINCIPAL_DOMAIN (DOMAIN_ID, PRINCIPAL_ID) values (5, 4);
insert into JG_PRINCIPAL_DOMAIN (DOMAIN_ID, PRINCIPAL_ID) values (7, 4);
insert into JG_PRINCIPAL_DOMAIN (DOMAIN_ID, PRINCIPAL_ID) values (9, 4);
insert into JG_PRINCIPAL_DOMAIN (DOMAIN_ID, PRINCIPAL_ID) values (1, 5);
insert into JG_PRINCIPAL_DOMAIN (DOMAIN_ID, PRINCIPAL_ID) values (8, 5);
insert into JG_PRINCIPAL_DOMAIN (DOMAIN_ID, PRINCIPAL_ID) values (1, 6);
insert into JG_PRINCIPAL_DOMAIN (DOMAIN_ID, PRINCIPAL_ID) values (5, 6);
insert into JG_PRINCIPAL_DOMAIN (DOMAIN_ID, PRINCIPAL_ID) values (7, 6);
insert into JG_PRINCIPAL_DOMAIN (DOMAIN_ID, PRINCIPAL_ID) values (1, 7);
insert into JG_PRINCIPAL_DOMAIN (DOMAIN_ID, PRINCIPAL_ID) values (8, 7);
insert into JG_PRINCIPAL_DOMAIN (DOMAIN_ID, PRINCIPAL_ID) values (1, 8);
insert into JG_PRINCIPAL_DOMAIN (DOMAIN_ID, PRINCIPAL_ID) values (5, 8);
insert into JG_PRINCIPAL_DOMAIN (DOMAIN_ID, PRINCIPAL_ID) values (1, 9);
insert into JG_PRINCIPAL_DOMAIN (DOMAIN_ID, PRINCIPAL_ID) values (1, 10);
insert into JG_PRINCIPAL_DOMAIN (DOMAIN_ID, PRINCIPAL_ID) values (5, 10);
insert into JG_PRINCIPAL_DOMAIN (DOMAIN_ID, PRINCIPAL_ID) values (7, 10);
insert into JG_PRINCIPAL_DOMAIN (DOMAIN_ID, PRINCIPAL_ID) values (1, 11);
insert into JG_PRINCIPAL_DOMAIN (DOMAIN_ID, PRINCIPAL_ID) values (1, 12);
insert into JG_PRINCIPAL_DOMAIN (DOMAIN_ID, PRINCIPAL_ID) values (5, 12);
insert into JG_PRINCIPAL_DOMAIN (DOMAIN_ID, PRINCIPAL_ID) values (1, 13);
insert into JG_PRINCIPAL_DOMAIN (DOMAIN_ID, PRINCIPAL_ID) values (1, 14);
insert into JG_PRINCIPAL_DOMAIN (DOMAIN_ID, PRINCIPAL_ID) values (5, 14);
insert into JG_PRINCIPAL_DOMAIN (DOMAIN_ID, PRINCIPAL_ID) values (7, 14);
insert into JG_PRINCIPAL_DOMAIN (DOMAIN_ID, PRINCIPAL_ID) values (1, 15);
insert into JG_PRINCIPAL_DOMAIN (DOMAIN_ID, PRINCIPAL_ID) values (5, 15);
insert into JG_PRINCIPAL_DOMAIN (DOMAIN_ID, PRINCIPAL_ID) values (1, 16);
insert into JG_PRINCIPAL_DOMAIN (DOMAIN_ID, PRINCIPAL_ID) values (5, 16);
insert into JG_PRINCIPAL_DOMAIN (DOMAIN_ID, PRINCIPAL_ID) values (1, 17);
insert into JG_PRINCIPAL_DOMAIN (DOMAIN_ID, PRINCIPAL_ID) values (1, 18);
insert into JG_PRINCIPAL_DOMAIN (DOMAIN_ID, PRINCIPAL_ID) values (5, 18);
insert into JG_PRINCIPAL_DOMAIN (DOMAIN_ID, PRINCIPAL_ID) values (1, 19);
insert into JG_PRINCIPAL_DOMAIN (DOMAIN_ID, PRINCIPAL_ID) values (5, 19);
insert into JG_PRINCIPAL_DOMAIN (DOMAIN_ID, PRINCIPAL_ID) values (7, 19);
DROP TABLE JG_PRINCIPAL_PERMISSION;
CREATE TABLE JG_PRINCIPAL_PERMISSION ( PERMISSION_ID BIGINT NOT NULL, PRINCIPAL_ID BIGINT NOT NULL, PRIMARY KEY (PRINCIPAL_ID, PERMISSION_ID) );
insert into JG_PRINCIPAL_PERMISSION (PERMISSION_ID, PRINCIPAL_ID) values (18, 4);
insert into JG_PRINCIPAL_PERMISSION (PERMISSION_ID, PRINCIPAL_ID) values (19, 4);
insert into JG_PRINCIPAL_PERMISSION (PERMISSION_ID, PRINCIPAL_ID) values (20, 4);
insert into JG_PRINCIPAL_PERMISSION (PERMISSION_ID, PRINCIPAL_ID) values (21, 4);
insert into JG_PRINCIPAL_PERMISSION (PERMISSION_ID, PRINCIPAL_ID) values (24, 4);
insert into JG_PRINCIPAL_PERMISSION (PERMISSION_ID, PRINCIPAL_ID) values (25, 4);
insert into JG_PRINCIPAL_PERMISSION (PERMISSION_ID, PRINCIPAL_ID) values (26, 4);
insert into JG_PRINCIPAL_PERMISSION (PERMISSION_ID, PRINCIPAL_ID) values (28, 4);
insert into JG_PRINCIPAL_PERMISSION (PERMISSION_ID, PRINCIPAL_ID) values (29, 4);
insert into JG_PRINCIPAL_PERMISSION (PERMISSION_ID, PRINCIPAL_ID) values (30, 4);
insert into JG_PRINCIPAL_PERMISSION (PERMISSION_ID, PRINCIPAL_ID) values (31, 4);
insert into JG_PRINCIPAL_PERMISSION (PERMISSION_ID, PRINCIPAL_ID) values (32, 4);
insert into JG_PRINCIPAL_PERMISSION (PERMISSION_ID, PRINCIPAL_ID) values (33, 4);
insert into JG_PRINCIPAL_PERMISSION (PERMISSION_ID, PRINCIPAL_ID) values (34, 4);
insert into JG_PRINCIPAL_PERMISSION (PERMISSION_ID, PRINCIPAL_ID) values (35, 4);
insert into JG_PRINCIPAL_PERMISSION (PERMISSION_ID, PRINCIPAL_ID) values (39, 4);
insert into JG_PRINCIPAL_PERMISSION (PERMISSION_ID, PRINCIPAL_ID) values (40, 4);
insert into JG_PRINCIPAL_PERMISSION (PERMISSION_ID, PRINCIPAL_ID) values (41, 4);
insert into JG_PRINCIPAL_PERMISSION (PERMISSION_ID, PRINCIPAL_ID) values (42, 4);
insert into JG_PRINCIPAL_PERMISSION (PERMISSION_ID, PRINCIPAL_ID) values (43, 4);
insert into JG_PRINCIPAL_PERMISSION (PERMISSION_ID, PRINCIPAL_ID) values (44, 4);
insert into JG_PRINCIPAL_PERMISSION (PERMISSION_ID, PRINCIPAL_ID) values (45, 4);
insert into JG_PRINCIPAL_PERMISSION (PERMISSION_ID, PRINCIPAL_ID) values (46, 4);
insert into JG_PRINCIPAL_PERMISSION (PERMISSION_ID, PRINCIPAL_ID) values (47, 4);
insert into JG_PRINCIPAL_PERMISSION (PERMISSION_ID, PRINCIPAL_ID) values (48, 4);
insert into JG_PRINCIPAL_PERMISSION (PERMISSION_ID, PRINCIPAL_ID) values (49, 4);
insert into JG_PRINCIPAL_PERMISSION (PERMISSION_ID, PRINCIPAL_ID) values (50, 4);
insert into JG_PRINCIPAL_PERMISSION (PERMISSION_ID, PRINCIPAL_ID) values (51, 4);
insert into JG_PRINCIPAL_PERMISSION (PERMISSION_ID, PRINCIPAL_ID) values (52, 4);
insert into JG_PRINCIPAL_PERMISSION (PERMISSION_ID, PRINCIPAL_ID) values (54, 4);
insert into JG_PRINCIPAL_PERMISSION (PERMISSION_ID, PRINCIPAL_ID) values (55, 4);
insert into JG_PRINCIPAL_PERMISSION (PERMISSION_ID, PRINCIPAL_ID) values (56, 4);
insert into JG_PRINCIPAL_PERMISSION (PERMISSION_ID, PRINCIPAL_ID) values (57, 4);
insert into JG_PRINCIPAL_PERMISSION (PERMISSION_ID, PRINCIPAL_ID) values (80, 4);
insert into JG_PRINCIPAL_PERMISSION (PERMISSION_ID, PRINCIPAL_ID) values (81, 4);
insert into JG_PRINCIPAL_PERMISSION (PERMISSION_ID, PRINCIPAL_ID) values (82, 4);
insert into JG_PRINCIPAL_PERMISSION (PERMISSION_ID, PRINCIPAL_ID) values (83, 4);
insert into JG_PRINCIPAL_PERMISSION (PERMISSION_ID, PRINCIPAL_ID) values (84, 4);
insert into JG_PRINCIPAL_PERMISSION (PERMISSION_ID, PRINCIPAL_ID) values (85, 4);
insert into JG_PRINCIPAL_PERMISSION (PERMISSION_ID, PRINCIPAL_ID) values (86, 4);
insert into JG_PRINCIPAL_PERMISSION (PERMISSION_ID, PRINCIPAL_ID) values (87, 4);
insert into JG_PRINCIPAL_PERMISSION (PERMISSION_ID, PRINCIPAL_ID) values (88, 4);
insert into JG_PRINCIPAL_PERMISSION (PERMISSION_ID, PRINCIPAL_ID) values (89, 4);
insert into JG_PRINCIPAL_PERMISSION (PERMISSION_ID, PRINCIPAL_ID) values (90, 4);
insert into JG_PRINCIPAL_PERMISSION (PERMISSION_ID, PRINCIPAL_ID) values (91, 4);
insert into JG_PRINCIPAL_PERMISSION (PERMISSION_ID, PRINCIPAL_ID) values (92, 4);
insert into JG_PRINCIPAL_PERMISSION (PERMISSION_ID, PRINCIPAL_ID) values (93, 4);
insert into JG_PRINCIPAL_PERMISSION (PERMISSION_ID, PRINCIPAL_ID) values (94, 4);
insert into JG_PRINCIPAL_PERMISSION (PERMISSION_ID, PRINCIPAL_ID) values (95, 4);
insert into JG_PRINCIPAL_PERMISSION (PERMISSION_ID, PRINCIPAL_ID) values (96, 4);
insert into JG_PRINCIPAL_PERMISSION (PERMISSION_ID, PRINCIPAL_ID) values (97, 4);
insert into JG_PRINCIPAL_PERMISSION (PERMISSION_ID, PRINCIPAL_ID) values (98, 4);
insert into JG_PRINCIPAL_PERMISSION (PERMISSION_ID, PRINCIPAL_ID) values (99, 4);
insert into JG_PRINCIPAL_PERMISSION (PERMISSION_ID, PRINCIPAL_ID) values (100, 4);
insert into JG_PRINCIPAL_PERMISSION (PERMISSION_ID, PRINCIPAL_ID) values (101, 4);
insert into JG_PRINCIPAL_PERMISSION (PERMISSION_ID, PRINCIPAL_ID) values (102, 4);
insert into JG_PRINCIPAL_PERMISSION (PERMISSION_ID, PRINCIPAL_ID) values (103, 4);
insert into JG_PRINCIPAL_PERMISSION (PERMISSION_ID, PRINCIPAL_ID) values (104, 4);
insert into JG_PRINCIPAL_PERMISSION (PERMISSION_ID, PRINCIPAL_ID) values (105, 4);
insert into JG_PRINCIPAL_PERMISSION (PERMISSION_ID, PRINCIPAL_ID) values (106, 4);
insert into JG_PRINCIPAL_PERMISSION (PERMISSION_ID, PRINCIPAL_ID) values (107, 4);
insert into JG_PRINCIPAL_PERMISSION (PERMISSION_ID, PRINCIPAL_ID) values (108, 4);
insert into JG_PRINCIPAL_PERMISSION (PERMISSION_ID, PRINCIPAL_ID) values (109, 4);
insert into JG_PRINCIPAL_PERMISSION (PERMISSION_ID, PRINCIPAL_ID) values (110, 4);
insert into JG_PRINCIPAL_PERMISSION (PERMISSION_ID, PRINCIPAL_ID) values (17, 5);
insert into JG_PRINCIPAL_PERMISSION (PERMISSION_ID, PRINCIPAL_ID) values (18, 5);
insert into JG_PRINCIPAL_PERMISSION (PERMISSION_ID, PRINCIPAL_ID) values (19, 5);
insert into JG_PRINCIPAL_PERMISSION (PERMISSION_ID, PRINCIPAL_ID) values (20, 5);
insert into JG_PRINCIPAL_PERMISSION (PERMISSION_ID, PRINCIPAL_ID) values (21, 5);
insert into JG_PRINCIPAL_PERMISSION (PERMISSION_ID, PRINCIPAL_ID) values (24, 5);
insert into JG_PRINCIPAL_PERMISSION (PERMISSION_ID, PRINCIPAL_ID) values (25, 5);
insert into JG_PRINCIPAL_PERMISSION (PERMISSION_ID, PRINCIPAL_ID) values (26, 5);
insert into JG_PRINCIPAL_PERMISSION (PERMISSION_ID, PRINCIPAL_ID) values (39, 5);
insert into JG_PRINCIPAL_PERMISSION (PERMISSION_ID, PRINCIPAL_ID) values (40, 5);
insert into JG_PRINCIPAL_PERMISSION (PERMISSION_ID, PRINCIPAL_ID) values (41, 5);
insert into JG_PRINCIPAL_PERMISSION (PERMISSION_ID, PRINCIPAL_ID) values (47, 5);
insert into JG_PRINCIPAL_PERMISSION (PERMISSION_ID, PRINCIPAL_ID) values (48, 5);
insert into JG_PRINCIPAL_PERMISSION (PERMISSION_ID, PRINCIPAL_ID) values (52, 5);
insert into JG_PRINCIPAL_PERMISSION (PERMISSION_ID, PRINCIPAL_ID) values (54, 5);
insert into JG_PRINCIPAL_PERMISSION (PERMISSION_ID, PRINCIPAL_ID) values (55, 5);
insert into JG_PRINCIPAL_PERMISSION (PERMISSION_ID, PRINCIPAL_ID) values (56, 5);
insert into JG_PRINCIPAL_PERMISSION (PERMISSION_ID, PRINCIPAL_ID) values (57, 5);
insert into JG_PRINCIPAL_PERMISSION (PERMISSION_ID, PRINCIPAL_ID) values (67, 5);
insert into JG_PRINCIPAL_PERMISSION (PERMISSION_ID, PRINCIPAL_ID) values (68, 5);
insert into JG_PRINCIPAL_PERMISSION (PERMISSION_ID, PRINCIPAL_ID) values (69, 5);
insert into JG_PRINCIPAL_PERMISSION (PERMISSION_ID, PRINCIPAL_ID) values (70, 5);
insert into JG_PRINCIPAL_PERMISSION (PERMISSION_ID, PRINCIPAL_ID) values (71, 5);
insert into JG_PRINCIPAL_PERMISSION (PERMISSION_ID, PRINCIPAL_ID) values (72, 5);
insert into JG_PRINCIPAL_PERMISSION (PERMISSION_ID, PRINCIPAL_ID) values (73, 5);
insert into JG_PRINCIPAL_PERMISSION (PERMISSION_ID, PRINCIPAL_ID) values (80, 5);
insert into JG_PRINCIPAL_PERMISSION (PERMISSION_ID, PRINCIPAL_ID) values (81, 5);
insert into JG_PRINCIPAL_PERMISSION (PERMISSION_ID, PRINCIPAL_ID) values (82, 5);
insert into JG_PRINCIPAL_PERMISSION (PERMISSION_ID, PRINCIPAL_ID) values (83, 5);
insert into JG_PRINCIPAL_PERMISSION (PERMISSION_ID, PRINCIPAL_ID) values (84, 5);
insert into JG_PRINCIPAL_PERMISSION (PERMISSION_ID, PRINCIPAL_ID) values (85, 5);
insert into JG_PRINCIPAL_PERMISSION (PERMISSION_ID, PRINCIPAL_ID) values (86, 5);
insert into JG_PRINCIPAL_PERMISSION (PERMISSION_ID, PRINCIPAL_ID) values (87, 5);
insert into JG_PRINCIPAL_PERMISSION (PERMISSION_ID, PRINCIPAL_ID) values (88, 5);
insert into JG_PRINCIPAL_PERMISSION (PERMISSION_ID, PRINCIPAL_ID) values (89, 5);
insert into JG_PRINCIPAL_PERMISSION (PERMISSION_ID, PRINCIPAL_ID) values (90, 5);
insert into JG_PRINCIPAL_PERMISSION (PERMISSION_ID, PRINCIPAL_ID) values (91, 5);
insert into JG_PRINCIPAL_PERMISSION (PERMISSION_ID, PRINCIPAL_ID) values (92, 5);
insert into JG_PRINCIPAL_PERMISSION (PERMISSION_ID, PRINCIPAL_ID) values (93, 5);
insert into JG_PRINCIPAL_PERMISSION (PERMISSION_ID, PRINCIPAL_ID) values (94, 5);
insert into JG_PRINCIPAL_PERMISSION (PERMISSION_ID, PRINCIPAL_ID) values (124, 5);
insert into JG_PRINCIPAL_PERMISSION (PERMISSION_ID, PRINCIPAL_ID) values (125, 5);
insert into JG_PRINCIPAL_PERMISSION (PERMISSION_ID, PRINCIPAL_ID) values (18, 6);
insert into JG_PRINCIPAL_PERMISSION (PERMISSION_ID, PRINCIPAL_ID) values (19, 6);
insert into JG_PRINCIPAL_PERMISSION (PERMISSION_ID, PRINCIPAL_ID) values (20, 6);
insert into JG_PRINCIPAL_PERMISSION (PERMISSION_ID, PRINCIPAL_ID) values (21, 6);
insert into JG_PRINCIPAL_PERMISSION (PERMISSION_ID, PRINCIPAL_ID) values (24, 6);
insert into JG_PRINCIPAL_PERMISSION (PERMISSION_ID, PRINCIPAL_ID) values (25, 6);
insert into JG_PRINCIPAL_PERMISSION (PERMISSION_ID, PRINCIPAL_ID) values (26, 6);
insert into JG_PRINCIPAL_PERMISSION (PERMISSION_ID, PRINCIPAL_ID) values (28, 6);
insert into JG_PRINCIPAL_PERMISSION (PERMISSION_ID, PRINCIPAL_ID) values (29, 6);
insert into JG_PRINCIPAL_PERMISSION (PERMISSION_ID, PRINCIPAL_ID) values (30, 6);
insert into JG_PRINCIPAL_PERMISSION (PERMISSION_ID, PRINCIPAL_ID) values (31, 6);
insert into JG_PRINCIPAL_PERMISSION (PERMISSION_ID, PRINCIPAL_ID) values (32, 6);
insert into JG_PRINCIPAL_PERMISSION (PERMISSION_ID, PRINCIPAL_ID) values (33, 6);
insert into JG_PRINCIPAL_PERMISSION (PERMISSION_ID, PRINCIPAL_ID) values (39, 6);
insert into JG_PRINCIPAL_PERMISSION (PERMISSION_ID, PRINCIPAL_ID) values (40, 6);
insert into JG_PRINCIPAL_PERMISSION (PERMISSION_ID, PRINCIPAL_ID) values (41, 6);
insert into JG_PRINCIPAL_PERMISSION (PERMISSION_ID, PRINCIPAL_ID) values (42, 6);
insert into JG_PRINCIPAL_PERMISSION (PERMISSION_ID, PRINCIPAL_ID) values (43, 6);
insert into JG_PRINCIPAL_PERMISSION (PERMISSION_ID, PRINCIPAL_ID) values (44, 6);
insert into JG_PRINCIPAL_PERMISSION (PERMISSION_ID, PRINCIPAL_ID) values (45, 6);
insert into JG_PRINCIPAL_PERMISSION (PERMISSION_ID, PRINCIPAL_ID) values (46, 6);
insert into JG_PRINCIPAL_PERMISSION (PERMISSION_ID, PRINCIPAL_ID) values (47, 6);
insert into JG_PRINCIPAL_PERMISSION (PERMISSION_ID, PRINCIPAL_ID) values (48, 6);
insert into JG_PRINCIPAL_PERMISSION (PERMISSION_ID, PRINCIPAL_ID) values (52, 6);
insert into JG_PRINCIPAL_PERMISSION (PERMISSION_ID, PRINCIPAL_ID) values (54, 6);
insert into JG_PRINCIPAL_PERMISSION (PERMISSION_ID, PRINCIPAL_ID) values (55, 6);
insert into JG_PRINCIPAL_PERMISSION (PERMISSION_ID, PRINCIPAL_ID) values (56, 6);
insert into JG_PRINCIPAL_PERMISSION (PERMISSION_ID, PRINCIPAL_ID) values (57, 6);
insert into JG_PRINCIPAL_PERMISSION (PERMISSION_ID, PRINCIPAL_ID) values (67, 6);
insert into JG_PRINCIPAL_PERMISSION (PERMISSION_ID, PRINCIPAL_ID) values (68, 6);
insert into JG_PRINCIPAL_PERMISSION (PERMISSION_ID, PRINCIPAL_ID) values (69, 6);
insert into JG_PRINCIPAL_PERMISSION (PERMISSION_ID, PRINCIPAL_ID) values (70, 6);
insert into JG_PRINCIPAL_PERMISSION (PERMISSION_ID, PRINCIPAL_ID) values (71, 6);
insert into JG_PRINCIPAL_PERMISSION (PERMISSION_ID, PRINCIPAL_ID) values (72, 6);
insert into JG_PRINCIPAL_PERMISSION (PERMISSION_ID, PRINCIPAL_ID) values (73, 6);
insert into JG_PRINCIPAL_PERMISSION (PERMISSION_ID, PRINCIPAL_ID) values (80, 6);
insert into JG_PRINCIPAL_PERMISSION (PERMISSION_ID, PRINCIPAL_ID) values (81, 6);
insert into JG_PRINCIPAL_PERMISSION (PERMISSION_ID, PRINCIPAL_ID) values (82, 6);
insert into JG_PRINCIPAL_PERMISSION (PERMISSION_ID, PRINCIPAL_ID) values (83, 6);
insert into JG_PRINCIPAL_PERMISSION (PERMISSION_ID, PRINCIPAL_ID) values (84, 6);
insert into JG_PRINCIPAL_PERMISSION (PERMISSION_ID, PRINCIPAL_ID) values (85, 6);
insert into JG_PRINCIPAL_PERMISSION (PERMISSION_ID, PRINCIPAL_ID) values (86, 6);
insert into JG_PRINCIPAL_PERMISSION (PERMISSION_ID, PRINCIPAL_ID) values (87, 6);
insert into JG_PRINCIPAL_PERMISSION (PERMISSION_ID, PRINCIPAL_ID) values (88, 6);
insert into JG_PRINCIPAL_PERMISSION (PERMISSION_ID, PRINCIPAL_ID) values (89, 6);
insert into JG_PRINCIPAL_PERMISSION (PERMISSION_ID, PRINCIPAL_ID) values (90, 6);
insert into JG_PRINCIPAL_PERMISSION (PERMISSION_ID, PRINCIPAL_ID) values (91, 6);
insert into JG_PRINCIPAL_PERMISSION (PERMISSION_ID, PRINCIPAL_ID) values (92, 6);
insert into JG_PRINCIPAL_PERMISSION (PERMISSION_ID, PRINCIPAL_ID) values (93, 6);
insert into JG_PRINCIPAL_PERMISSION (PERMISSION_ID, PRINCIPAL_ID) values (94, 6);
insert into JG_PRINCIPAL_PERMISSION (PERMISSION_ID, PRINCIPAL_ID) values (111, 6);
insert into JG_PRINCIPAL_PERMISSION (PERMISSION_ID, PRINCIPAL_ID) values (112, 6);
insert into JG_PRINCIPAL_PERMISSION (PERMISSION_ID, PRINCIPAL_ID) values (113, 6);
insert into JG_PRINCIPAL_PERMISSION (PERMISSION_ID, PRINCIPAL_ID) values (18, 7);
insert into JG_PRINCIPAL_PERMISSION (PERMISSION_ID, PRINCIPAL_ID) values (19, 7);
insert into JG_PRINCIPAL_PERMISSION (PERMISSION_ID, PRINCIPAL_ID) values (20, 7);
insert into JG_PRINCIPAL_PERMISSION (PERMISSION_ID, PRINCIPAL_ID) values (21, 7);
insert into JG_PRINCIPAL_PERMISSION (PERMISSION_ID, PRINCIPAL_ID) values (24, 7);
insert into JG_PRINCIPAL_PERMISSION (PERMISSION_ID, PRINCIPAL_ID) values (25, 7);
insert into JG_PRINCIPAL_PERMISSION (PERMISSION_ID, PRINCIPAL_ID) values (26, 7);
insert into JG_PRINCIPAL_PERMISSION (PERMISSION_ID, PRINCIPAL_ID) values (39, 7);
insert into JG_PRINCIPAL_PERMISSION (PERMISSION_ID, PRINCIPAL_ID) values (40, 7);
insert into JG_PRINCIPAL_PERMISSION (PERMISSION_ID, PRINCIPAL_ID) values (41, 7);
insert into JG_PRINCIPAL_PERMISSION (PERMISSION_ID, PRINCIPAL_ID) values (42, 7);
insert into JG_PRINCIPAL_PERMISSION (PERMISSION_ID, PRINCIPAL_ID) values (43, 7);
insert into JG_PRINCIPAL_PERMISSION (PERMISSION_ID, PRINCIPAL_ID) values (44, 7);
insert into JG_PRINCIPAL_PERMISSION (PERMISSION_ID, PRINCIPAL_ID) values (45, 7);
insert into JG_PRINCIPAL_PERMISSION (PERMISSION_ID, PRINCIPAL_ID) values (46, 7);
insert into JG_PRINCIPAL_PERMISSION (PERMISSION_ID, PRINCIPAL_ID) values (47, 7);
insert into JG_PRINCIPAL_PERMISSION (PERMISSION_ID, PRINCIPAL_ID) values (48, 7);
insert into JG_PRINCIPAL_PERMISSION (PERMISSION_ID, PRINCIPAL_ID) values (52, 7);
insert into JG_PRINCIPAL_PERMISSION (PERMISSION_ID, PRINCIPAL_ID) values (54, 7);
insert into JG_PRINCIPAL_PERMISSION (PERMISSION_ID, PRINCIPAL_ID) values (55, 7);
insert into JG_PRINCIPAL_PERMISSION (PERMISSION_ID, PRINCIPAL_ID) values (56, 7);
insert into JG_PRINCIPAL_PERMISSION (PERMISSION_ID, PRINCIPAL_ID) values (57, 7);
insert into JG_PRINCIPAL_PERMISSION (PERMISSION_ID, PRINCIPAL_ID) values (67, 7);
insert into JG_PRINCIPAL_PERMISSION (PERMISSION_ID, PRINCIPAL_ID) values (68, 7);
insert into JG_PRINCIPAL_PERMISSION (PERMISSION_ID, PRINCIPAL_ID) values (70, 7);
insert into JG_PRINCIPAL_PERMISSION (PERMISSION_ID, PRINCIPAL_ID) values (71, 7);
insert into JG_PRINCIPAL_PERMISSION (PERMISSION_ID, PRINCIPAL_ID) values (72, 7);
insert into JG_PRINCIPAL_PERMISSION (PERMISSION_ID, PRINCIPAL_ID) values (73, 7);
insert into JG_PRINCIPAL_PERMISSION (PERMISSION_ID, PRINCIPAL_ID) values (80, 7);
insert into JG_PRINCIPAL_PERMISSION (PERMISSION_ID, PRINCIPAL_ID) values (81, 7);
insert into JG_PRINCIPAL_PERMISSION (PERMISSION_ID, PRINCIPAL_ID) values (82, 7);
insert into JG_PRINCIPAL_PERMISSION (PERMISSION_ID, PRINCIPAL_ID) values (83, 7);
insert into JG_PRINCIPAL_PERMISSION (PERMISSION_ID, PRINCIPAL_ID) values (84, 7);
insert into JG_PRINCIPAL_PERMISSION (PERMISSION_ID, PRINCIPAL_ID) values (85, 7);
insert into JG_PRINCIPAL_PERMISSION (PERMISSION_ID, PRINCIPAL_ID) values (86, 7);
insert into JG_PRINCIPAL_PERMISSION (PERMISSION_ID, PRINCIPAL_ID) values (87, 7);
insert into JG_PRINCIPAL_PERMISSION (PERMISSION_ID, PRINCIPAL_ID) values (88, 7);
insert into JG_PRINCIPAL_PERMISSION (PERMISSION_ID, PRINCIPAL_ID) values (89, 7);
insert into JG_PRINCIPAL_PERMISSION (PERMISSION_ID, PRINCIPAL_ID) values (90, 7);
insert into JG_PRINCIPAL_PERMISSION (PERMISSION_ID, PRINCIPAL_ID) values (91, 7);
insert into JG_PRINCIPAL_PERMISSION (PERMISSION_ID, PRINCIPAL_ID) values (92, 7);
insert into JG_PRINCIPAL_PERMISSION (PERMISSION_ID, PRINCIPAL_ID) values (93, 7);
insert into JG_PRINCIPAL_PERMISSION (PERMISSION_ID, PRINCIPAL_ID) values (94, 7);
insert into JG_PRINCIPAL_PERMISSION (PERMISSION_ID, PRINCIPAL_ID) values (124, 7);
insert into JG_PRINCIPAL_PERMISSION (PERMISSION_ID, PRINCIPAL_ID) values (125, 7);
insert into JG_PRINCIPAL_PERMISSION (PERMISSION_ID, PRINCIPAL_ID) values (20, 8);
insert into JG_PRINCIPAL_PERMISSION (PERMISSION_ID, PRINCIPAL_ID) values (22, 8);
insert into JG_PRINCIPAL_PERMISSION (PERMISSION_ID, PRINCIPAL_ID) values (23, 8);
insert into JG_PRINCIPAL_PERMISSION (PERMISSION_ID, PRINCIPAL_ID) values (27, 8);
insert into JG_PRINCIPAL_PERMISSION (PERMISSION_ID, PRINCIPAL_ID) values (37, 8);
insert into JG_PRINCIPAL_PERMISSION (PERMISSION_ID, PRINCIPAL_ID) values (38, 8);
insert into JG_PRINCIPAL_PERMISSION (PERMISSION_ID, PRINCIPAL_ID) values (47, 8);
insert into JG_PRINCIPAL_PERMISSION (PERMISSION_ID, PRINCIPAL_ID) values (48, 8);
insert into JG_PRINCIPAL_PERMISSION (PERMISSION_ID, PRINCIPAL_ID) values (53, 8);
insert into JG_PRINCIPAL_PERMISSION (PERMISSION_ID, PRINCIPAL_ID) values (57, 8);
insert into JG_PRINCIPAL_PERMISSION (PERMISSION_ID, PRINCIPAL_ID) values (80, 8);
insert into JG_PRINCIPAL_PERMISSION (PERMISSION_ID, PRINCIPAL_ID) values (81, 8);
insert into JG_PRINCIPAL_PERMISSION (PERMISSION_ID, PRINCIPAL_ID) values (82, 8);
insert into JG_PRINCIPAL_PERMISSION (PERMISSION_ID, PRINCIPAL_ID) values (83, 8);
insert into JG_PRINCIPAL_PERMISSION (PERMISSION_ID, PRINCIPAL_ID) values (84, 8);
insert into JG_PRINCIPAL_PERMISSION (PERMISSION_ID, PRINCIPAL_ID) values (85, 8);
insert into JG_PRINCIPAL_PERMISSION (PERMISSION_ID, PRINCIPAL_ID) values (86, 8);
insert into JG_PRINCIPAL_PERMISSION (PERMISSION_ID, PRINCIPAL_ID) values (89, 8);
insert into JG_PRINCIPAL_PERMISSION (PERMISSION_ID, PRINCIPAL_ID) values (90, 8);
insert into JG_PRINCIPAL_PERMISSION (PERMISSION_ID, PRINCIPAL_ID) values (91, 8);
insert into JG_PRINCIPAL_PERMISSION (PERMISSION_ID, PRINCIPAL_ID) values (92, 8);
insert into JG_PRINCIPAL_PERMISSION (PERMISSION_ID, PRINCIPAL_ID) values (93, 8);
insert into JG_PRINCIPAL_PERMISSION (PERMISSION_ID, PRINCIPAL_ID) values (94, 8);
insert into JG_PRINCIPAL_PERMISSION (PERMISSION_ID, PRINCIPAL_ID) values (124, 8);
insert into JG_PRINCIPAL_PERMISSION (PERMISSION_ID, PRINCIPAL_ID) values (125, 8);
insert into JG_PRINCIPAL_PERMISSION (PERMISSION_ID, PRINCIPAL_ID) values (20, 9);
insert into JG_PRINCIPAL_PERMISSION (PERMISSION_ID, PRINCIPAL_ID) values (22, 9);
insert into JG_PRINCIPAL_PERMISSION (PERMISSION_ID, PRINCIPAL_ID) values (23, 9);
insert into JG_PRINCIPAL_PERMISSION (PERMISSION_ID, PRINCIPAL_ID) values (26, 9);
insert into JG_PRINCIPAL_PERMISSION (PERMISSION_ID, PRINCIPAL_ID) values (27, 9);
insert into JG_PRINCIPAL_PERMISSION (PERMISSION_ID, PRINCIPAL_ID) values (37, 9);
insert into JG_PRINCIPAL_PERMISSION (PERMISSION_ID, PRINCIPAL_ID) values (38, 9);
insert into JG_PRINCIPAL_PERMISSION (PERMISSION_ID, PRINCIPAL_ID) values (47, 9);
insert into JG_PRINCIPAL_PERMISSION (PERMISSION_ID, PRINCIPAL_ID) values (48, 9);
insert into JG_PRINCIPAL_PERMISSION (PERMISSION_ID, PRINCIPAL_ID) values (53, 9);
insert into JG_PRINCIPAL_PERMISSION (PERMISSION_ID, PRINCIPAL_ID) values (57, 9);
insert into JG_PRINCIPAL_PERMISSION (PERMISSION_ID, PRINCIPAL_ID) values (80, 9);
insert into JG_PRINCIPAL_PERMISSION (PERMISSION_ID, PRINCIPAL_ID) values (81, 9);
insert into JG_PRINCIPAL_PERMISSION (PERMISSION_ID, PRINCIPAL_ID) values (82, 9);
insert into JG_PRINCIPAL_PERMISSION (PERMISSION_ID, PRINCIPAL_ID) values (83, 9);
insert into JG_PRINCIPAL_PERMISSION (PERMISSION_ID, PRINCIPAL_ID) values (84, 9);
insert into JG_PRINCIPAL_PERMISSION (PERMISSION_ID, PRINCIPAL_ID) values (85, 9);
insert into JG_PRINCIPAL_PERMISSION (PERMISSION_ID, PRINCIPAL_ID) values (86, 9);
insert into JG_PRINCIPAL_PERMISSION (PERMISSION_ID, PRINCIPAL_ID) values (87, 9);
insert into JG_PRINCIPAL_PERMISSION (PERMISSION_ID, PRINCIPAL_ID) values (88, 9);
insert into JG_PRINCIPAL_PERMISSION (PERMISSION_ID, PRINCIPAL_ID) values (89, 9);
insert into JG_PRINCIPAL_PERMISSION (PERMISSION_ID, PRINCIPAL_ID) values (90, 9);
insert into JG_PRINCIPAL_PERMISSION (PERMISSION_ID, PRINCIPAL_ID) values (91, 9);
insert into JG_PRINCIPAL_PERMISSION (PERMISSION_ID, PRINCIPAL_ID) values (92, 9);
insert into JG_PRINCIPAL_PERMISSION (PERMISSION_ID, PRINCIPAL_ID) values (93, 9);
insert into JG_PRINCIPAL_PERMISSION (PERMISSION_ID, PRINCIPAL_ID) values (94, 9);
insert into JG_PRINCIPAL_PERMISSION (PERMISSION_ID, PRINCIPAL_ID) values (124, 9);
insert into JG_PRINCIPAL_PERMISSION (PERMISSION_ID, PRINCIPAL_ID) values (125, 9);
insert into JG_PRINCIPAL_PERMISSION (PERMISSION_ID, PRINCIPAL_ID) values (42, 10);
insert into JG_PRINCIPAL_PERMISSION (PERMISSION_ID, PRINCIPAL_ID) values (43, 10);
insert into JG_PRINCIPAL_PERMISSION (PERMISSION_ID, PRINCIPAL_ID) values (44, 10);
insert into JG_PRINCIPAL_PERMISSION (PERMISSION_ID, PRINCIPAL_ID) values (45, 10);
insert into JG_PRINCIPAL_PERMISSION (PERMISSION_ID, PRINCIPAL_ID) values (46, 10);
insert into JG_PRINCIPAL_PERMISSION (PERMISSION_ID, PRINCIPAL_ID) values (47, 10);
insert into JG_PRINCIPAL_PERMISSION (PERMISSION_ID, PRINCIPAL_ID) values (48, 10);
insert into JG_PRINCIPAL_PERMISSION (PERMISSION_ID, PRINCIPAL_ID) values (80, 10);
insert into JG_PRINCIPAL_PERMISSION (PERMISSION_ID, PRINCIPAL_ID) values (81, 10);
insert into JG_PRINCIPAL_PERMISSION (PERMISSION_ID, PRINCIPAL_ID) values (82, 10);
insert into JG_PRINCIPAL_PERMISSION (PERMISSION_ID, PRINCIPAL_ID) values (83, 10);
insert into JG_PRINCIPAL_PERMISSION (PERMISSION_ID, PRINCIPAL_ID) values (84, 10);
insert into JG_PRINCIPAL_PERMISSION (PERMISSION_ID, PRINCIPAL_ID) values (85, 10);
insert into JG_PRINCIPAL_PERMISSION (PERMISSION_ID, PRINCIPAL_ID) values (86, 10);
insert into JG_PRINCIPAL_PERMISSION (PERMISSION_ID, PRINCIPAL_ID) values (87, 10);
insert into JG_PRINCIPAL_PERMISSION (PERMISSION_ID, PRINCIPAL_ID) values (88, 10);
insert into JG_PRINCIPAL_PERMISSION (PERMISSION_ID, PRINCIPAL_ID) values (89, 10);
insert into JG_PRINCIPAL_PERMISSION (PERMISSION_ID, PRINCIPAL_ID) values (90, 10);
insert into JG_PRINCIPAL_PERMISSION (PERMISSION_ID, PRINCIPAL_ID) values (91, 10);
insert into JG_PRINCIPAL_PERMISSION (PERMISSION_ID, PRINCIPAL_ID) values (92, 10);
insert into JG_PRINCIPAL_PERMISSION (PERMISSION_ID, PRINCIPAL_ID) values (93, 10);
insert into JG_PRINCIPAL_PERMISSION (PERMISSION_ID, PRINCIPAL_ID) values (94, 10);
insert into JG_PRINCIPAL_PERMISSION (PERMISSION_ID, PRINCIPAL_ID) values (111, 10);
insert into JG_PRINCIPAL_PERMISSION (PERMISSION_ID, PRINCIPAL_ID) values (112, 10);
insert into JG_PRINCIPAL_PERMISSION (PERMISSION_ID, PRINCIPAL_ID) values (113, 10);
insert into JG_PRINCIPAL_PERMISSION (PERMISSION_ID, PRINCIPAL_ID) values (80, 11);
insert into JG_PRINCIPAL_PERMISSION (PERMISSION_ID, PRINCIPAL_ID) values (81, 11);
insert into JG_PRINCIPAL_PERMISSION (PERMISSION_ID, PRINCIPAL_ID) values (82, 11);
insert into JG_PRINCIPAL_PERMISSION (PERMISSION_ID, PRINCIPAL_ID) values (83, 11);
insert into JG_PRINCIPAL_PERMISSION (PERMISSION_ID, PRINCIPAL_ID) values (84, 11);
insert into JG_PRINCIPAL_PERMISSION (PERMISSION_ID, PRINCIPAL_ID) values (85, 11);
insert into JG_PRINCIPAL_PERMISSION (PERMISSION_ID, PRINCIPAL_ID) values (86, 11);
insert into JG_PRINCIPAL_PERMISSION (PERMISSION_ID, PRINCIPAL_ID) values (87, 11);
insert into JG_PRINCIPAL_PERMISSION (PERMISSION_ID, PRINCIPAL_ID) values (88, 11);
insert into JG_PRINCIPAL_PERMISSION (PERMISSION_ID, PRINCIPAL_ID) values (89, 11);
insert into JG_PRINCIPAL_PERMISSION (PERMISSION_ID, PRINCIPAL_ID) values (90, 11);
insert into JG_PRINCIPAL_PERMISSION (PERMISSION_ID, PRINCIPAL_ID) values (91, 11);
insert into JG_PRINCIPAL_PERMISSION (PERMISSION_ID, PRINCIPAL_ID) values (92, 11);
insert into JG_PRINCIPAL_PERMISSION (PERMISSION_ID, PRINCIPAL_ID) values (93, 11);
insert into JG_PRINCIPAL_PERMISSION (PERMISSION_ID, PRINCIPAL_ID) values (94, 11);
insert into JG_PRINCIPAL_PERMISSION (PERMISSION_ID, PRINCIPAL_ID) values (124, 11);
insert into JG_PRINCIPAL_PERMISSION (PERMISSION_ID, PRINCIPAL_ID) values (125, 11);
insert into JG_PRINCIPAL_PERMISSION (PERMISSION_ID, PRINCIPAL_ID) values (46, 13);
insert into JG_PRINCIPAL_PERMISSION (PERMISSION_ID, PRINCIPAL_ID) values (47, 13);
insert into JG_PRINCIPAL_PERMISSION (PERMISSION_ID, PRINCIPAL_ID) values (48, 13);
insert into JG_PRINCIPAL_PERMISSION (PERMISSION_ID, PRINCIPAL_ID) values (80, 13);
insert into JG_PRINCIPAL_PERMISSION (PERMISSION_ID, PRINCIPAL_ID) values (81, 13);
insert into JG_PRINCIPAL_PERMISSION (PERMISSION_ID, PRINCIPAL_ID) values (82, 13);
insert into JG_PRINCIPAL_PERMISSION (PERMISSION_ID, PRINCIPAL_ID) values (83, 13);
insert into JG_PRINCIPAL_PERMISSION (PERMISSION_ID, PRINCIPAL_ID) values (84, 13);
insert into JG_PRINCIPAL_PERMISSION (PERMISSION_ID, PRINCIPAL_ID) values (85, 13);
insert into JG_PRINCIPAL_PERMISSION (PERMISSION_ID, PRINCIPAL_ID) values (86, 13);
insert into JG_PRINCIPAL_PERMISSION (PERMISSION_ID, PRINCIPAL_ID) values (87, 13);
insert into JG_PRINCIPAL_PERMISSION (PERMISSION_ID, PRINCIPAL_ID) values (88, 13);
insert into JG_PRINCIPAL_PERMISSION (PERMISSION_ID, PRINCIPAL_ID) values (89, 13);
insert into JG_PRINCIPAL_PERMISSION (PERMISSION_ID, PRINCIPAL_ID) values (90, 13);
insert into JG_PRINCIPAL_PERMISSION (PERMISSION_ID, PRINCIPAL_ID) values (91, 13);
insert into JG_PRINCIPAL_PERMISSION (PERMISSION_ID, PRINCIPAL_ID) values (92, 13);
insert into JG_PRINCIPAL_PERMISSION (PERMISSION_ID, PRINCIPAL_ID) values (93, 13);
insert into JG_PRINCIPAL_PERMISSION (PERMISSION_ID, PRINCIPAL_ID) values (94, 13);
insert into JG_PRINCIPAL_PERMISSION (PERMISSION_ID, PRINCIPAL_ID) values (18, 14);
insert into JG_PRINCIPAL_PERMISSION (PERMISSION_ID, PRINCIPAL_ID) values (19, 14);
insert into JG_PRINCIPAL_PERMISSION (PERMISSION_ID, PRINCIPAL_ID) values (20, 14);
insert into JG_PRINCIPAL_PERMISSION (PERMISSION_ID, PRINCIPAL_ID) values (21, 14);
insert into JG_PRINCIPAL_PERMISSION (PERMISSION_ID, PRINCIPAL_ID) values (24, 14);
insert into JG_PRINCIPAL_PERMISSION (PERMISSION_ID, PRINCIPAL_ID) values (25, 14);
insert into JG_PRINCIPAL_PERMISSION (PERMISSION_ID, PRINCIPAL_ID) values (26, 14);
insert into JG_PRINCIPAL_PERMISSION (PERMISSION_ID, PRINCIPAL_ID) values (28, 14);
insert into JG_PRINCIPAL_PERMISSION (PERMISSION_ID, PRINCIPAL_ID) values (29, 14);
insert into JG_PRINCIPAL_PERMISSION (PERMISSION_ID, PRINCIPAL_ID) values (30, 14);
insert into JG_PRINCIPAL_PERMISSION (PERMISSION_ID, PRINCIPAL_ID) values (31, 14);
insert into JG_PRINCIPAL_PERMISSION (PERMISSION_ID, PRINCIPAL_ID) values (32, 14);
insert into JG_PRINCIPAL_PERMISSION (PERMISSION_ID, PRINCIPAL_ID) values (33, 14);
insert into JG_PRINCIPAL_PERMISSION (PERMISSION_ID, PRINCIPAL_ID) values (36, 14);
insert into JG_PRINCIPAL_PERMISSION (PERMISSION_ID, PRINCIPAL_ID) values (39, 14);
insert into JG_PRINCIPAL_PERMISSION (PERMISSION_ID, PRINCIPAL_ID) values (40, 14);
insert into JG_PRINCIPAL_PERMISSION (PERMISSION_ID, PRINCIPAL_ID) values (41, 14);
insert into JG_PRINCIPAL_PERMISSION (PERMISSION_ID, PRINCIPAL_ID) values (42, 14);
insert into JG_PRINCIPAL_PERMISSION (PERMISSION_ID, PRINCIPAL_ID) values (43, 14);
insert into JG_PRINCIPAL_PERMISSION (PERMISSION_ID, PRINCIPAL_ID) values (44, 14);
insert into JG_PRINCIPAL_PERMISSION (PERMISSION_ID, PRINCIPAL_ID) values (45, 14);
insert into JG_PRINCIPAL_PERMISSION (PERMISSION_ID, PRINCIPAL_ID) values (46, 14);
insert into JG_PRINCIPAL_PERMISSION (PERMISSION_ID, PRINCIPAL_ID) values (47, 14);
insert into JG_PRINCIPAL_PERMISSION (PERMISSION_ID, PRINCIPAL_ID) values (48, 14);
insert into JG_PRINCIPAL_PERMISSION (PERMISSION_ID, PRINCIPAL_ID) values (52, 14);
insert into JG_PRINCIPAL_PERMISSION (PERMISSION_ID, PRINCIPAL_ID) values (54, 14);
insert into JG_PRINCIPAL_PERMISSION (PERMISSION_ID, PRINCIPAL_ID) values (55, 14);
insert into JG_PRINCIPAL_PERMISSION (PERMISSION_ID, PRINCIPAL_ID) values (57, 14);
insert into JG_PRINCIPAL_PERMISSION (PERMISSION_ID, PRINCIPAL_ID) values (67, 14);
insert into JG_PRINCIPAL_PERMISSION (PERMISSION_ID, PRINCIPAL_ID) values (68, 14);
insert into JG_PRINCIPAL_PERMISSION (PERMISSION_ID, PRINCIPAL_ID) values (69, 14);
insert into JG_PRINCIPAL_PERMISSION (PERMISSION_ID, PRINCIPAL_ID) values (70, 14);
insert into JG_PRINCIPAL_PERMISSION (PERMISSION_ID, PRINCIPAL_ID) values (71, 14);
insert into JG_PRINCIPAL_PERMISSION (PERMISSION_ID, PRINCIPAL_ID) values (72, 14);
insert into JG_PRINCIPAL_PERMISSION (PERMISSION_ID, PRINCIPAL_ID) values (73, 14);
insert into JG_PRINCIPAL_PERMISSION (PERMISSION_ID, PRINCIPAL_ID) values (80, 14);
insert into JG_PRINCIPAL_PERMISSION (PERMISSION_ID, PRINCIPAL_ID) values (81, 14);
insert into JG_PRINCIPAL_PERMISSION (PERMISSION_ID, PRINCIPAL_ID) values (82, 14);
insert into JG_PRINCIPAL_PERMISSION (PERMISSION_ID, PRINCIPAL_ID) values (83, 14);
insert into JG_PRINCIPAL_PERMISSION (PERMISSION_ID, PRINCIPAL_ID) values (84, 14);
insert into JG_PRINCIPAL_PERMISSION (PERMISSION_ID, PRINCIPAL_ID) values (85, 14);
insert into JG_PRINCIPAL_PERMISSION (PERMISSION_ID, PRINCIPAL_ID) values (86, 14);
insert into JG_PRINCIPAL_PERMISSION (PERMISSION_ID, PRINCIPAL_ID) values (87, 14);
insert into JG_PRINCIPAL_PERMISSION (PERMISSION_ID, PRINCIPAL_ID) values (88, 14);
insert into JG_PRINCIPAL_PERMISSION (PERMISSION_ID, PRINCIPAL_ID) values (89, 14);
insert into JG_PRINCIPAL_PERMISSION (PERMISSION_ID, PRINCIPAL_ID) values (90, 14);
insert into JG_PRINCIPAL_PERMISSION (PERMISSION_ID, PRINCIPAL_ID) values (91, 14);
insert into JG_PRINCIPAL_PERMISSION (PERMISSION_ID, PRINCIPAL_ID) values (92, 14);
insert into JG_PRINCIPAL_PERMISSION (PERMISSION_ID, PRINCIPAL_ID) values (93, 14);
insert into JG_PRINCIPAL_PERMISSION (PERMISSION_ID, PRINCIPAL_ID) values (94, 14);
insert into JG_PRINCIPAL_PERMISSION (PERMISSION_ID, PRINCIPAL_ID) values (95, 14);
insert into JG_PRINCIPAL_PERMISSION (PERMISSION_ID, PRINCIPAL_ID) values (96, 14);
insert into JG_PRINCIPAL_PERMISSION (PERMISSION_ID, PRINCIPAL_ID) values (97, 14);
insert into JG_PRINCIPAL_PERMISSION (PERMISSION_ID, PRINCIPAL_ID) values (98, 14);
insert into JG_PRINCIPAL_PERMISSION (PERMISSION_ID, PRINCIPAL_ID) values (99, 14);
insert into JG_PRINCIPAL_PERMISSION (PERMISSION_ID, PRINCIPAL_ID) values (100, 14);
insert into JG_PRINCIPAL_PERMISSION (PERMISSION_ID, PRINCIPAL_ID) values (102, 14);
insert into JG_PRINCIPAL_PERMISSION (PERMISSION_ID, PRINCIPAL_ID) values (103, 14);
insert into JG_PRINCIPAL_PERMISSION (PERMISSION_ID, PRINCIPAL_ID) values (104, 14);
insert into JG_PRINCIPAL_PERMISSION (PERMISSION_ID, PRINCIPAL_ID) values (106, 14);
insert into JG_PRINCIPAL_PERMISSION (PERMISSION_ID, PRINCIPAL_ID) values (107, 14);
insert into JG_PRINCIPAL_PERMISSION (PERMISSION_ID, PRINCIPAL_ID) values (108, 14);
insert into JG_PRINCIPAL_PERMISSION (PERMISSION_ID, PRINCIPAL_ID) values (109, 14);
insert into JG_PRINCIPAL_PERMISSION (PERMISSION_ID, PRINCIPAL_ID) values (110, 14);
insert into JG_PRINCIPAL_PERMISSION (PERMISSION_ID, PRINCIPAL_ID) values (18, 15);
insert into JG_PRINCIPAL_PERMISSION (PERMISSION_ID, PRINCIPAL_ID) values (19, 15);
insert into JG_PRINCIPAL_PERMISSION (PERMISSION_ID, PRINCIPAL_ID) values (20, 15);
insert into JG_PRINCIPAL_PERMISSION (PERMISSION_ID, PRINCIPAL_ID) values (21, 15);
insert into JG_PRINCIPAL_PERMISSION (PERMISSION_ID, PRINCIPAL_ID) values (24, 15);
insert into JG_PRINCIPAL_PERMISSION (PERMISSION_ID, PRINCIPAL_ID) values (25, 15);
insert into JG_PRINCIPAL_PERMISSION (PERMISSION_ID, PRINCIPAL_ID) values (26, 15);
insert into JG_PRINCIPAL_PERMISSION (PERMISSION_ID, PRINCIPAL_ID) values (28, 15);
insert into JG_PRINCIPAL_PERMISSION (PERMISSION_ID, PRINCIPAL_ID) values (29, 15);
insert into JG_PRINCIPAL_PERMISSION (PERMISSION_ID, PRINCIPAL_ID) values (30, 15);
insert into JG_PRINCIPAL_PERMISSION (PERMISSION_ID, PRINCIPAL_ID) values (31, 15);
insert into JG_PRINCIPAL_PERMISSION (PERMISSION_ID, PRINCIPAL_ID) values (32, 15);
insert into JG_PRINCIPAL_PERMISSION (PERMISSION_ID, PRINCIPAL_ID) values (33, 15);
insert into JG_PRINCIPAL_PERMISSION (PERMISSION_ID, PRINCIPAL_ID) values (39, 15);
insert into JG_PRINCIPAL_PERMISSION (PERMISSION_ID, PRINCIPAL_ID) values (40, 15);
insert into JG_PRINCIPAL_PERMISSION (PERMISSION_ID, PRINCIPAL_ID) values (41, 15);
insert into JG_PRINCIPAL_PERMISSION (PERMISSION_ID, PRINCIPAL_ID) values (42, 15);
insert into JG_PRINCIPAL_PERMISSION (PERMISSION_ID, PRINCIPAL_ID) values (43, 15);
insert into JG_PRINCIPAL_PERMISSION (PERMISSION_ID, PRINCIPAL_ID) values (46, 15);
insert into JG_PRINCIPAL_PERMISSION (PERMISSION_ID, PRINCIPAL_ID) values (47, 15);
insert into JG_PRINCIPAL_PERMISSION (PERMISSION_ID, PRINCIPAL_ID) values (48, 15);
insert into JG_PRINCIPAL_PERMISSION (PERMISSION_ID, PRINCIPAL_ID) values (52, 15);
insert into JG_PRINCIPAL_PERMISSION (PERMISSION_ID, PRINCIPAL_ID) values (54, 15);
insert into JG_PRINCIPAL_PERMISSION (PERMISSION_ID, PRINCIPAL_ID) values (55, 15);
insert into JG_PRINCIPAL_PERMISSION (PERMISSION_ID, PRINCIPAL_ID) values (56, 15);
insert into JG_PRINCIPAL_PERMISSION (PERMISSION_ID, PRINCIPAL_ID) values (57, 15);
insert into JG_PRINCIPAL_PERMISSION (PERMISSION_ID, PRINCIPAL_ID) values (67, 15);
insert into JG_PRINCIPAL_PERMISSION (PERMISSION_ID, PRINCIPAL_ID) values (68, 15);
insert into JG_PRINCIPAL_PERMISSION (PERMISSION_ID, PRINCIPAL_ID) values (69, 15);
insert into JG_PRINCIPAL_PERMISSION (PERMISSION_ID, PRINCIPAL_ID) values (70, 15);
insert into JG_PRINCIPAL_PERMISSION (PERMISSION_ID, PRINCIPAL_ID) values (71, 15);
insert into JG_PRINCIPAL_PERMISSION (PERMISSION_ID, PRINCIPAL_ID) values (72, 15);
insert into JG_PRINCIPAL_PERMISSION (PERMISSION_ID, PRINCIPAL_ID) values (73, 15);
insert into JG_PRINCIPAL_PERMISSION (PERMISSION_ID, PRINCIPAL_ID) values (80, 15);
insert into JG_PRINCIPAL_PERMISSION (PERMISSION_ID, PRINCIPAL_ID) values (81, 15);
insert into JG_PRINCIPAL_PERMISSION (PERMISSION_ID, PRINCIPAL_ID) values (82, 15);
insert into JG_PRINCIPAL_PERMISSION (PERMISSION_ID, PRINCIPAL_ID) values (83, 15);
insert into JG_PRINCIPAL_PERMISSION (PERMISSION_ID, PRINCIPAL_ID) values (84, 15);
insert into JG_PRINCIPAL_PERMISSION (PERMISSION_ID, PRINCIPAL_ID) values (85, 15);
insert into JG_PRINCIPAL_PERMISSION (PERMISSION_ID, PRINCIPAL_ID) values (86, 15);
insert into JG_PRINCIPAL_PERMISSION (PERMISSION_ID, PRINCIPAL_ID) values (87, 15);
insert into JG_PRINCIPAL_PERMISSION (PERMISSION_ID, PRINCIPAL_ID) values (88, 15);
insert into JG_PRINCIPAL_PERMISSION (PERMISSION_ID, PRINCIPAL_ID) values (89, 15);
insert into JG_PRINCIPAL_PERMISSION (PERMISSION_ID, PRINCIPAL_ID) values (90, 15);
insert into JG_PRINCIPAL_PERMISSION (PERMISSION_ID, PRINCIPAL_ID) values (91, 15);
insert into JG_PRINCIPAL_PERMISSION (PERMISSION_ID, PRINCIPAL_ID) values (92, 15);
insert into JG_PRINCIPAL_PERMISSION (PERMISSION_ID, PRINCIPAL_ID) values (93, 15);
insert into JG_PRINCIPAL_PERMISSION (PERMISSION_ID, PRINCIPAL_ID) values (94, 15);
insert into JG_PRINCIPAL_PERMISSION (PERMISSION_ID, PRINCIPAL_ID) values (124, 15);
insert into JG_PRINCIPAL_PERMISSION (PERMISSION_ID, PRINCIPAL_ID) values (125, 15);
insert into JG_PRINCIPAL_PERMISSION (PERMISSION_ID, PRINCIPAL_ID) values (20, 16);
insert into JG_PRINCIPAL_PERMISSION (PERMISSION_ID, PRINCIPAL_ID) values (22, 16);
insert into JG_PRINCIPAL_PERMISSION (PERMISSION_ID, PRINCIPAL_ID) values (23, 16);
insert into JG_PRINCIPAL_PERMISSION (PERMISSION_ID, PRINCIPAL_ID) values (26, 16);
insert into JG_PRINCIPAL_PERMISSION (PERMISSION_ID, PRINCIPAL_ID) values (27, 16);
insert into JG_PRINCIPAL_PERMISSION (PERMISSION_ID, PRINCIPAL_ID) values (37, 16);
insert into JG_PRINCIPAL_PERMISSION (PERMISSION_ID, PRINCIPAL_ID) values (38, 16);
insert into JG_PRINCIPAL_PERMISSION (PERMISSION_ID, PRINCIPAL_ID) values (46, 16);
insert into JG_PRINCIPAL_PERMISSION (PERMISSION_ID, PRINCIPAL_ID) values (47, 16);
insert into JG_PRINCIPAL_PERMISSION (PERMISSION_ID, PRINCIPAL_ID) values (48, 16);
insert into JG_PRINCIPAL_PERMISSION (PERMISSION_ID, PRINCIPAL_ID) values (53, 16);
insert into JG_PRINCIPAL_PERMISSION (PERMISSION_ID, PRINCIPAL_ID) values (57, 16);
insert into JG_PRINCIPAL_PERMISSION (PERMISSION_ID, PRINCIPAL_ID) values (80, 16);
insert into JG_PRINCIPAL_PERMISSION (PERMISSION_ID, PRINCIPAL_ID) values (81, 16);
insert into JG_PRINCIPAL_PERMISSION (PERMISSION_ID, PRINCIPAL_ID) values (82, 16);
insert into JG_PRINCIPAL_PERMISSION (PERMISSION_ID, PRINCIPAL_ID) values (83, 16);
insert into JG_PRINCIPAL_PERMISSION (PERMISSION_ID, PRINCIPAL_ID) values (84, 16);
insert into JG_PRINCIPAL_PERMISSION (PERMISSION_ID, PRINCIPAL_ID) values (85, 16);
insert into JG_PRINCIPAL_PERMISSION (PERMISSION_ID, PRINCIPAL_ID) values (86, 16);
insert into JG_PRINCIPAL_PERMISSION (PERMISSION_ID, PRINCIPAL_ID) values (87, 16);
insert into JG_PRINCIPAL_PERMISSION (PERMISSION_ID, PRINCIPAL_ID) values (88, 16);
insert into JG_PRINCIPAL_PERMISSION (PERMISSION_ID, PRINCIPAL_ID) values (89, 16);
insert into JG_PRINCIPAL_PERMISSION (PERMISSION_ID, PRINCIPAL_ID) values (90, 16);
insert into JG_PRINCIPAL_PERMISSION (PERMISSION_ID, PRINCIPAL_ID) values (91, 16);
insert into JG_PRINCIPAL_PERMISSION (PERMISSION_ID, PRINCIPAL_ID) values (92, 16);
insert into JG_PRINCIPAL_PERMISSION (PERMISSION_ID, PRINCIPAL_ID) values (93, 16);
insert into JG_PRINCIPAL_PERMISSION (PERMISSION_ID, PRINCIPAL_ID) values (94, 16);
insert into JG_PRINCIPAL_PERMISSION (PERMISSION_ID, PRINCIPAL_ID) values (124, 16);
insert into JG_PRINCIPAL_PERMISSION (PERMISSION_ID, PRINCIPAL_ID) values (125, 16);
insert into JG_PRINCIPAL_PERMISSION (PERMISSION_ID, PRINCIPAL_ID) values (20, 17);
insert into JG_PRINCIPAL_PERMISSION (PERMISSION_ID, PRINCIPAL_ID) values (22, 17);
insert into JG_PRINCIPAL_PERMISSION (PERMISSION_ID, PRINCIPAL_ID) values (23, 17);
insert into JG_PRINCIPAL_PERMISSION (PERMISSION_ID, PRINCIPAL_ID) values (26, 17);
insert into JG_PRINCIPAL_PERMISSION (PERMISSION_ID, PRINCIPAL_ID) values (27, 17);
insert into JG_PRINCIPAL_PERMISSION (PERMISSION_ID, PRINCIPAL_ID) values (37, 17);
insert into JG_PRINCIPAL_PERMISSION (PERMISSION_ID, PRINCIPAL_ID) values (38, 17);
insert into JG_PRINCIPAL_PERMISSION (PERMISSION_ID, PRINCIPAL_ID) values (47, 17);
insert into JG_PRINCIPAL_PERMISSION (PERMISSION_ID, PRINCIPAL_ID) values (48, 17);
insert into JG_PRINCIPAL_PERMISSION (PERMISSION_ID, PRINCIPAL_ID) values (53, 17);
insert into JG_PRINCIPAL_PERMISSION (PERMISSION_ID, PRINCIPAL_ID) values (57, 17);
insert into JG_PRINCIPAL_PERMISSION (PERMISSION_ID, PRINCIPAL_ID) values (80, 17);
insert into JG_PRINCIPAL_PERMISSION (PERMISSION_ID, PRINCIPAL_ID) values (81, 17);
insert into JG_PRINCIPAL_PERMISSION (PERMISSION_ID, PRINCIPAL_ID) values (82, 17);
insert into JG_PRINCIPAL_PERMISSION (PERMISSION_ID, PRINCIPAL_ID) values (83, 17);
insert into JG_PRINCIPAL_PERMISSION (PERMISSION_ID, PRINCIPAL_ID) values (84, 17);
insert into JG_PRINCIPAL_PERMISSION (PERMISSION_ID, PRINCIPAL_ID) values (86, 17);
insert into JG_PRINCIPAL_PERMISSION (PERMISSION_ID, PRINCIPAL_ID) values (87, 17);
insert into JG_PRINCIPAL_PERMISSION (PERMISSION_ID, PRINCIPAL_ID) values (88, 17);
insert into JG_PRINCIPAL_PERMISSION (PERMISSION_ID, PRINCIPAL_ID) values (89, 17);
insert into JG_PRINCIPAL_PERMISSION (PERMISSION_ID, PRINCIPAL_ID) values (90, 17);
insert into JG_PRINCIPAL_PERMISSION (PERMISSION_ID, PRINCIPAL_ID) values (91, 17);
insert into JG_PRINCIPAL_PERMISSION (PERMISSION_ID, PRINCIPAL_ID) values (92, 17);
insert into JG_PRINCIPAL_PERMISSION (PERMISSION_ID, PRINCIPAL_ID) values (93, 17);
insert into JG_PRINCIPAL_PERMISSION (PERMISSION_ID, PRINCIPAL_ID) values (94, 17);
insert into JG_PRINCIPAL_PERMISSION (PERMISSION_ID, PRINCIPAL_ID) values (124, 17);
insert into JG_PRINCIPAL_PERMISSION (PERMISSION_ID, PRINCIPAL_ID) values (125, 17);
insert into JG_PRINCIPAL_PERMISSION (PERMISSION_ID, PRINCIPAL_ID) values (42, 18);
insert into JG_PRINCIPAL_PERMISSION (PERMISSION_ID, PRINCIPAL_ID) values (43, 18);
insert into JG_PRINCIPAL_PERMISSION (PERMISSION_ID, PRINCIPAL_ID) values (44, 18);
insert into JG_PRINCIPAL_PERMISSION (PERMISSION_ID, PRINCIPAL_ID) values (45, 18);
insert into JG_PRINCIPAL_PERMISSION (PERMISSION_ID, PRINCIPAL_ID) values (46, 18);
insert into JG_PRINCIPAL_PERMISSION (PERMISSION_ID, PRINCIPAL_ID) values (47, 18);
insert into JG_PRINCIPAL_PERMISSION (PERMISSION_ID, PRINCIPAL_ID) values (48, 18);
insert into JG_PRINCIPAL_PERMISSION (PERMISSION_ID, PRINCIPAL_ID) values (57, 18);
insert into JG_PRINCIPAL_PERMISSION (PERMISSION_ID, PRINCIPAL_ID) values (80, 18);
insert into JG_PRINCIPAL_PERMISSION (PERMISSION_ID, PRINCIPAL_ID) values (81, 18);
insert into JG_PRINCIPAL_PERMISSION (PERMISSION_ID, PRINCIPAL_ID) values (82, 18);
insert into JG_PRINCIPAL_PERMISSION (PERMISSION_ID, PRINCIPAL_ID) values (83, 18);
insert into JG_PRINCIPAL_PERMISSION (PERMISSION_ID, PRINCIPAL_ID) values (84, 18);
insert into JG_PRINCIPAL_PERMISSION (PERMISSION_ID, PRINCIPAL_ID) values (85, 18);
insert into JG_PRINCIPAL_PERMISSION (PERMISSION_ID, PRINCIPAL_ID) values (86, 18);
insert into JG_PRINCIPAL_PERMISSION (PERMISSION_ID, PRINCIPAL_ID) values (87, 18);
insert into JG_PRINCIPAL_PERMISSION (PERMISSION_ID, PRINCIPAL_ID) values (88, 18);
insert into JG_PRINCIPAL_PERMISSION (PERMISSION_ID, PRINCIPAL_ID) values (89, 18);
insert into JG_PRINCIPAL_PERMISSION (PERMISSION_ID, PRINCIPAL_ID) values (90, 18);
insert into JG_PRINCIPAL_PERMISSION (PERMISSION_ID, PRINCIPAL_ID) values (91, 18);
insert into JG_PRINCIPAL_PERMISSION (PERMISSION_ID, PRINCIPAL_ID) values (92, 18);
insert into JG_PRINCIPAL_PERMISSION (PERMISSION_ID, PRINCIPAL_ID) values (93, 18);
insert into JG_PRINCIPAL_PERMISSION (PERMISSION_ID, PRINCIPAL_ID) values (94, 18);
insert into JG_PRINCIPAL_PERMISSION (PERMISSION_ID, PRINCIPAL_ID) values (124, 18);
insert into JG_PRINCIPAL_PERMISSION (PERMISSION_ID, PRINCIPAL_ID) values (125, 18);
insert into JG_PRINCIPAL_PERMISSION (PERMISSION_ID, PRINCIPAL_ID) values (42, 19);
insert into JG_PRINCIPAL_PERMISSION (PERMISSION_ID, PRINCIPAL_ID) values (43, 19);
insert into JG_PRINCIPAL_PERMISSION (PERMISSION_ID, PRINCIPAL_ID) values (44, 19);
insert into JG_PRINCIPAL_PERMISSION (PERMISSION_ID, PRINCIPAL_ID) values (45, 19);
insert into JG_PRINCIPAL_PERMISSION (PERMISSION_ID, PRINCIPAL_ID) values (46, 19);
insert into JG_PRINCIPAL_PERMISSION (PERMISSION_ID, PRINCIPAL_ID) values (47, 19);
insert into JG_PRINCIPAL_PERMISSION (PERMISSION_ID, PRINCIPAL_ID) values (48, 19);
insert into JG_PRINCIPAL_PERMISSION (PERMISSION_ID, PRINCIPAL_ID) values (80, 19);
insert into JG_PRINCIPAL_PERMISSION (PERMISSION_ID, PRINCIPAL_ID) values (81, 19);
insert into JG_PRINCIPAL_PERMISSION (PERMISSION_ID, PRINCIPAL_ID) values (82, 19);
insert into JG_PRINCIPAL_PERMISSION (PERMISSION_ID, PRINCIPAL_ID) values (83, 19);
insert into JG_PRINCIPAL_PERMISSION (PERMISSION_ID, PRINCIPAL_ID) values (84, 19);
insert into JG_PRINCIPAL_PERMISSION (PERMISSION_ID, PRINCIPAL_ID) values (85, 19);
insert into JG_PRINCIPAL_PERMISSION (PERMISSION_ID, PRINCIPAL_ID) values (86, 19);
insert into JG_PRINCIPAL_PERMISSION (PERMISSION_ID, PRINCIPAL_ID) values (87, 19);
insert into JG_PRINCIPAL_PERMISSION (PERMISSION_ID, PRINCIPAL_ID) values (88, 19);
insert into JG_PRINCIPAL_PERMISSION (PERMISSION_ID, PRINCIPAL_ID) values (89, 19);
insert into JG_PRINCIPAL_PERMISSION (PERMISSION_ID, PRINCIPAL_ID) values (90, 19);
insert into JG_PRINCIPAL_PERMISSION (PERMISSION_ID, PRINCIPAL_ID) values (91, 19);
insert into JG_PRINCIPAL_PERMISSION (PERMISSION_ID, PRINCIPAL_ID) values (92, 19);
insert into JG_PRINCIPAL_PERMISSION (PERMISSION_ID, PRINCIPAL_ID) values (93, 19);
insert into JG_PRINCIPAL_PERMISSION (PERMISSION_ID, PRINCIPAL_ID) values (94, 19);
insert into JG_PRINCIPAL_PERMISSION (PERMISSION_ID, PRINCIPAL_ID) values (95, 19);
insert into JG_PRINCIPAL_PERMISSION (PERMISSION_ID, PRINCIPAL_ID) values (96, 19);
insert into JG_PRINCIPAL_PERMISSION (PERMISSION_ID, PRINCIPAL_ID) values (97, 19);
insert into JG_PRINCIPAL_PERMISSION (PERMISSION_ID, PRINCIPAL_ID) values (98, 19);
insert into JG_PRINCIPAL_PERMISSION (PERMISSION_ID, PRINCIPAL_ID) values (99, 19);
insert into JG_PRINCIPAL_PERMISSION (PERMISSION_ID, PRINCIPAL_ID) values (100, 19);
insert into JG_PRINCIPAL_PERMISSION (PERMISSION_ID, PRINCIPAL_ID) values (101, 19);
insert into JG_PRINCIPAL_PERMISSION (PERMISSION_ID, PRINCIPAL_ID) values (102, 19);
insert into JG_PRINCIPAL_PERMISSION (PERMISSION_ID, PRINCIPAL_ID) values (103, 19);
insert into JG_PRINCIPAL_PERMISSION (PERMISSION_ID, PRINCIPAL_ID) values (104, 19);
insert into JG_PRINCIPAL_PERMISSION (PERMISSION_ID, PRINCIPAL_ID) values (105, 19);
insert into JG_PRINCIPAL_PERMISSION (PERMISSION_ID, PRINCIPAL_ID) values (106, 19);
insert into JG_PRINCIPAL_PERMISSION (PERMISSION_ID, PRINCIPAL_ID) values (107, 19);
insert into JG_PRINCIPAL_PERMISSION (PERMISSION_ID, PRINCIPAL_ID) values (108, 19);
insert into JG_PRINCIPAL_PERMISSION (PERMISSION_ID, PRINCIPAL_ID) values (109, 19);
insert into JG_PRINCIPAL_PERMISSION (PERMISSION_ID, PRINCIPAL_ID) values (110, 19);
ALTER TABLE JG_PERMISSION ADD CONSTRAINT FK_PERMISSION_DOMAIN FOREIGN KEY (DOMAIN_ID) REFERENCES JG_DOMAIN (ID);
ALTER TABLE JG_PRINCIPAL_DOMAIN ADD CONSTRAINT FK_DOMAIN_PRINCIPAL FOREIGN KEY (PRINCIPAL_ID) REFERENCES JG_APP_PRINCIPAL (ID);
ALTER TABLE JG_PRINCIPAL_DOMAIN ADD CONSTRAINT FK_PRINCIPAL_DOMAIN FOREIGN KEY (DOMAIN_ID) REFERENCES JG_DOMAIN (ID);
ALTER TABLE JG_PRINCIPAL_PERMISSION ADD CONSTRAINT FK_PERMISSION_PRINCIPAL FOREIGN KEY (PRINCIPAL_ID) REFERENCES JG_APP_PRINCIPAL (ID);
ALTER TABLE JG_PRINCIPAL_PERMISSION ADD CONSTRAINT FK_PRINCIPAL_PERMISSION FOREIGN KEY (PERMISSION_ID) REFERENCES JG_PERMISSION (ID);
